City,State,StateCode,City_State,Latitude,Longitude,car_percent,medianRent,white_percent,nonwhite_percent,foreign_born_percent,NR_percent,construction_percent,manufacturing_percent,sales_percent,transpo_percent,info_percent,finance_percent,sci_percent,edu_percent,arts_percent,other_percent,PA_percent,republican,democrat,bars_pp,restaurants,parks_pp,activities_pp,nightlife_pp,nightlife,activities,museums_pp,max_avg_high,max_avg_low,mean_diff,international_airport,transit,amtrak,crime_rate,pop_density
Birmingham,Alabama,AL,"Birmingham, Alabama",33.5206824,-86.8024326,0.767944,1208,0.514,0.486,0.056,0.004,0.059,0.084,0.135,0.072,0.017,0.083,0.108,0.255,0.088,0.053,0.041,7,0,0.0003,0.0012,0.0001,0.0008,0.0003,0.0007,0.0009,0.0000,98.6,13.4,85.2,1,2,1,59.78,1365.37
Huntsville,Alabama,AL,"Huntsville, Alabama",34.729847,-86.5859011,0.757183,1291,0.604,0.396,0.053,0.002,0.05,0.15,0.1,0.025,0.012,0.041,0.224,0.182,0.077,0.052,0.083,7,0,0.0003,0.0017,0.0001,0.0010,0.0004,0.0007,0.0011,0.0001,99.2,11.7,87.5,1,2,1,18,1006
Anchorage,Alaska,AK,"Anchorage, Alaska",61.2163129,-149.894852,0.714008,1473,0.531,0.469,0.118,0.03,0.055,0.026,0.128,0.093,0.024,0.029,0.113,0.273,0.087,0.041,0.101,6,1,0.0004,0.0028,0.0005,0.0031,0.0005,0.0009,0.0032,0.0002,77.7,-13.2,90.9,1,1,0,38.97,170.6
Phoenix,Arizona,AZ,"Phoenix, Arizona",33.4484367,-112.074141,0.65245,1754,0.602,0.398,0.143,0.005,0.078,0.08,0.133,0.054,0.02,0.106,0.141,0.211,0.089,0.046,0.037,3,3,0.0001,0.0005,0.0000,0.0005,0.0001,0.0002,0.0005,0.0000,115.7,33.8,81.9,1,2,1,37.3,3102.92
Tucson,Arizona,AZ,"Tucson, Arizona",32.2228765,-110.974847,0.700604,1255,0.566,0.434,0.133,0.01,0.067,0.076,0.129,0.056,0.013,0.051,0.129,0.261,0.109,0.05,0.05,3,3,0.0003,0.0016,0.0001,0.0013,0.0003,0.0006,0.0013,0.0001,110.7,25.6,85.1,1,2,1,41.56,2251.44
Little Rock,Arkansas,AR,"Little Rock, Arkansas",34.7465071,-92.2896267,0.749943,1063,0.549,0.451,0.063,0.004,0.064,0.068,0.145,0.057,0.013,0.088,0.102,0.268,0.074,0.049,0.067,7,0,0.0003,0.0017,0.0001,0.0008,0.0003,0.0006,0.0009,0.0001,102.4,13.6,88.8,1,2,1,72.08,1687.6
Los Angeles,California,CA,"Los Angeles, California",34.0536909,-118.242766,0.673552,1968,0.308,0.692,0.337,0.005,0.063,0.089,0.124,0.066,0.038,0.057,0.141,0.219,0.11,0.052,0.034,0,7,0.0001,0.0007,0.0000,0.0006,0.0001,0.0002,0.0007,0.0000,101.5,39.2,62.3,1,2,1,35.91,8205
Sacramento,California,CA,"Sacramento, California",38.5810606,-121.493895,0.666371,1809,0.475,0.525,0.212,0.009,0.068,0.05,0.12,0.07,0.015,0.063,0.128,0.239,0.084,0.046,0.108,0,7,0.0002,0.0010,0.0001,0.0011,0.0002,0.0004,0.0012,0.0001,107,26.9,80.1,1,2,1,43.63,5374.11
San Diego,California,CA,"San Diego, California",32.7174202,-117.162772,0.679188,2306,0.46,0.54,0.238,0.008,0.06,0.101,0.11,0.046,0.018,0.058,0.166,0.234,0.102,0.047,0.05,0,7,0.0003,0.0012,0.0001,0.0017,0.0003,0.0006,0.0017,0.0001,94,42.6,51.4,1,2,1,23.33,4255.96
San Francisco,California,CA,"San Francisco, California",37.7792588,-122.4193286,0.492033,2367,0.34,0.66,0.35,0.004,0.052,0.082,0.097,0.055,0.043,0.062,0.226,0.214,0.08,0.046,0.038,0,7,0.0004,0.0015,0.0002,0.0023,0.0004,0.0008,0.0025,0.0001,94,38.8,55.2,1,2,1,66.64,18634.65
San Jose,California,CA,"San Jose, California",37.3361663,-121.890591,0.655533,2800,0.292,0.708,0.432,0.002,0.043,0.167,0.083,0.033,0.068,0.04,0.234,0.196,0.071,0.037,0.026,0,7,0.0002,0.0018,0.0002,0.0020,0.0003,0.0005,0.0020,0.0001,99.8,30.7,69.1,1,2,1,31.82,5684.69
Boulder,Colorado,CO,"Boulder, Colorado",40.0149856,-105.270545,0.481742,1908,0.8,0.2,0.102,0.013,0.022,0.08,0.123,0.022,0.029,0.04,0.219,0.262,0.113,0.047,0.031,0,7,0.0008,0.0037,0.0007,0.0079,0.0008,0.0017,0.0081,0.0002,98.5,-7.5,106,0,0,0,37.62,4112
Colorado Springs,Colorado,CO,"Colorado Springs, Colorado",38.8339578,-104.825348,0.690481,1688,0.698,0.302,0.072,0.007,0.067,0.055,0.12,0.044,0.027,0.08,0.154,0.236,0.093,0.055,0.062,0,7,0.0004,0.0016,0.0001,0.0015,0.0004,0.0009,0.0016,0.0001,96.7,-7.1,103.8,0,0,0,40.74,2400
Denver,Colorado,CO,"Denver, Colorado",39.7392364,-104.984862,0.642175,1894,0.637,0.363,0.131,0.01,0.075,0.064,0.119,0.055,0.032,0.078,0.178,0.205,0.095,0.048,0.042,0,7,0.0004,0.0011,0.0001,0.0012,0.0004,0.0007,0.0012,0.0001,100.6,-11,111.6,1,2,1,74.14,4674
Fort Collins,Colorado,CO,"Fort Collins, Colorado",40.5871782,-105.0770113,0.668424,1693,0.82,0.18,0.047,0.017,0.065,0.092,0.103,0.038,0.019,0.054,0.147,0.267,0.113,0.043,0.043,0,7,0.0004,0.0015,0.0001,0.0017,0.0003,0.0007,0.0018,0.0000,98.2,-7.7,105.9,0,1,1,32.02,2968
Hartford,Connecticut,CT,"Hartford, Connecticut",41.764582,-72.6908547,0.71461,1377,0.619,0.381,0.167,0.006,0.049,0.105,0.115,0.06,0.017,0.095,0.12,0.27,0.078,0.039,0.047,0,7,0.0002,0.0010,0.0001,0.0009,0.0002,0.0004,0.0009,0.0001,97.7,-3.4,101.1,1,2,1,30.36,6965.1
New Haven,Connecticut,CT,"New Haven, Connecticut",41.3082138,-72.9250518,0.710961,1457,0.612,0.388,0.138,0.002,0.056,0.101,0.103,0.05,0.019,0.056,0.108,0.363,0.075,0.04,0.027,0,7,0.0003,0.0019,0.0001,0.0013,0.0004,0.0007,0.0014,0.0000,92.1,6.2,85.9,0,1,1,37.17,7170
Dover,Delaware,DE,"Dover, Delaware",39.158168,-75.5243682,0.757559,1390,0.453,0.547,0.104,0.001,0.056,0.076,0.144,0.065,0.006,0.06,0.079,0.262,0.101,0.031,0.121,0,7,0.0002,0.0020,0.0022,0.0013,0.0002,0.0005,0.0029,0.0015,96.1,8.8,87.3,0,1,1,55.53,1664.82
Washington,District of Columbia,DC,"Washington, District of Columbia",38.8950368,-77.0365427,0.533772,1973,0.39,0.61,0.275,0.001,0.062,0.03,0.077,0.043,0.024,0.064,0.233,0.194,0.08,0.064,0.128,0,7,0.0002,0.0010,0.0001,0.0008,0.0003,0.0005,0.0009,0.0001,99.1,12.3,86.8,1,2,1,42.29,11280.71
Gainesville,Florida,FL,"Gainesville, Florida",29.6519684,-82.3249846,0.710908,1381,0.574,0.426,0.144,0.009,0.028,0.03,0.122,0.026,0.002,0.052,0.104,0.443,0.086,0.042,0.055,7,0,0.0005,0.0026,0.0003,0.0022,0.0006,0.0011,0.0023,0.0001,97.8,22.8,75,0,1,1,32.48,2226.61
Jacksonville,Florida,FL,"Jacksonville, Florida",30.3321838,-81.655651,0.671075,1553,0.548,0.452,0.114,0.004,0.068,0.054,0.147,0.066,0.017,0.123,0.144,0.193,0.092,0.046,0.046,7,0,0.0002,0.0010,0.0001,0.0007,0.0002,0.0004,0.0007,0.0000,98.4,23.5,74.9,1,2,1,63.99,1270.73
Miami,Florida,FL,"Miami, Florida",25.7741728,-80.19362,0.685111,1920,0.364,0.636,0.429,0.005,0.08,0.046,0.135,0.081,0.016,0.087,0.151,0.205,0.105,0.056,0.032,7,0,0.0002,0.0008,0.0001,0.0008,0.0002,0.0004,0.0008,0.0000,95.8,42.5,53.3,1,2,1,29.79,12284.47
Orlando,Florida,FL,"Orlando, Florida",28.5421109,-81.3790304,0.676937,1811,0.473,0.527,0.219,0.003,0.066,0.054,0.131,0.065,0.017,0.073,0.164,0.2,0.157,0.043,0.027,7,0,0.0003,0.0014,0.0001,0.0013,0.0003,0.0006,0.0013,0.0000,97.2,31.3,65.9,1,2,1,48.54,2774.65
Tallahassee,Florida,FL,"Tallahassee, Florida",30.4380832,-84.2809332,0.726205,1284,0.536,0.464,0.089,0.01,0.037,0.024,0.13,0.023,0.012,0.049,0.136,0.254,0.119,0.053,0.155,7,0,0.0006,0.0029,0.0003,0.0020,0.0006,0.0012,0.0021,0.0001,99.8,20.2,79.6,1,1,0,30.54,1926
Tampa,Florida,FL,"Tampa, Florida",27.9477595,-82.458444,0.659608,1753,0.601,0.399,0.171,0.007,0.071,0.06,0.135,0.052,0.016,0.104,0.163,0.205,0.093,0.053,0.039,7,0,0.0001,0.0007,0.0001,0.0007,0.0002,0.0003,0.0007,0.0000,96.2,32.8,63.4,1,2,1,24.3,3376.4
West Palm Beach,Florida,FL,"West Palm Beach, Florida",26.715364,-80.0532942,0.711859,1484,0.75,0.25,0.095,0.001,0.071,0.054,0.162,0.058,0.012,0.09,0.134,0.232,0.101,0.048,0.037,7,0,0.0005,0.0026,0.0003,0.0035,0.0006,0.0010,0.0036,0.0001,95.4,37.7,57.7,1,2,1,33.13,2246.97
Athens,Georgia,GA,"Athens, Georgia",33.9597677,-83.376398,0.760082,1281,0.592,0.408,0.081,0.009,0.042,0.058,0.123,0.06,0.007,0.05,0.138,0.304,0.119,0.041,0.049,4,3,0.0007,0.0028,0.0001,0.0020,0.0007,0.0014,0.0021,0.0001,100,15,85,0,0,0,35.22,1094.43
Atlanta,Georgia,GA,"Atlanta, Georgia",33.7489924,-84.3902644,0.654892,1739,0.382,0.618,0.178,0.003,0.066,0.072,0.132,0.075,0.029,0.075,0.174,0.198,0.088,0.05,0.039,4,3,0.0001,0.0005,0.0000,0.0005,0.0002,0.0003,0.0005,0.0000,97.3,15.2,82.1,1,2,1,47.91,3685.45
Columbus,Georgia,GA,"Columbus, Georgia",32.4610708,-84.9880449,0.712022,1005,0.419,0.581,0.043,0.009,0.05,0.101,0.12,0.052,0.013,0.109,0.105,0.23,0.101,0.039,0.071,4,3,0.0003,0.0026,0.0002,0.0013,0.0004,0.0007,0.0014,0.0001,99.5,19.2,80.3,0,0,0,32.89,955.76
Savannah,Georgia,GA,"Savannah, Georgia",32.0790074,-81.0921335,0.732022,1506,0.481,0.519,0.094,0.004,0.054,0.092,0.135,0.091,0.014,0.05,0.136,0.206,0.13,0.045,0.043,4,3,0.0007,0.0022,0.0002,0.0021,0.0007,0.0014,0.0024,0.0002,99.7,21.6,78.1,1,2,1,22.12,1300
Honolulu,Hawaii,HI,"Honolulu, Hawaii",21.304547,-157.855676,0.60379,1953,0.157,0.843,0.21,0.005,0.068,0.031,0.136,0.071,0.015,0.065,0.108,0.232,0.127,0.052,0.088,0,7,0.0005,0.0029,0.0004,0.0037,0.0006,0.0012,0.0039,0.0002,91.7,58.5,33.2,1,1,0,35.5,5791
Boise,Idaho,ID,"Boise, Idaho",43.6166163,-116.200886,0.684411,1590,0.827,0.173,0.067,0.008,0.08,0.108,0.132,0.039,0.021,0.073,0.126,0.224,0.093,0.041,0.056,7,0,0.0005,0.0016,0.0002,0.0015,0.0005,0.0009,0.0016,0.0001,105.2,5.1,100.1,1,2,1,14.66,2860.54
Chicago,Illinois,IL,"Chicago, Illinois",41.8755616,-87.6244212,0.611531,1405,0.502,0.498,0.198,0.003,0.049,0.11,0.12,0.075,0.018,0.08,0.151,0.23,0.086,0.046,0.032,0,7,0.0002,0.0006,0.0000,0.0006,0.0002,0.0003,0.0006,0.0000,97.1,-6.5,103.6,1,2,1,37.15,12059.84
Indianapolis,Indiana,IN,"Indianapolis, Indiana",39.7683331,-86.1583502,0.730688,1247,0.639,0.361,0.111,0.004,0.057,0.114,0.132,0.067,0.014,0.076,0.134,0.243,0.076,0.045,0.039,7,0,0.0002,0.0007,0.0001,0.0009,0.0002,0.0004,0.0009,0.0001,94.9,-4.9,99.8,1,2,1,43.82,2454.5
South Bend,Indiana,IN,"South Bend, Indiana",41.6833813,-86.2500066,0.740066,1066,0.703,0.297,0.072,0.004,0.054,0.18,0.121,0.054,0.014,0.051,0.084,0.294,0.071,0.047,0.024,7,0,0.0005,0.0020,0.0002,0.0013,0.0005,0.0009,0.0014,0.0001,95.3,-7.7,103,0,1,1,46.15,2464.57
Des Moines,Iowa,IA,"Des Moines, Iowa",41.5868654,-93.6249494,0.731635,1178,0.759,0.241,0.108,0.009,0.071,0.091,0.135,0.051,0.016,0.137,0.112,0.207,0.088,0.047,0.035,7,0,0.0004,0.0013,0.0001,0.0008,0.0004,0.0008,0.0008,0.0000,97.4,-11.4,108.8,1,1,0,33.01,2428.39
Lawrence,Kansas,KS,"Lawrence, Kansas",38.9719137,-95.2359403,0.67541,1033,0.742,0.258,0.07,0.005,0.046,0.061,0.145,0.029,0.028,0.063,0.141,0.304,0.095,0.054,0.028,6,1,0.0007,0.0026,0.0003,0.0022,0.0008,0.0015,0.0023,0.0001,101.3,-3.6,104.9,0,1,1,28.21,2700
Wichita,Kansas,KS,"Wichita, Kansas",37.6922361,-97.3375448,0.804034,979,0.679,0.321,0.086,0.014,0.064,0.162,0.134,0.055,0.015,0.063,0.102,0.228,0.087,0.039,0.038,6,1,0.0003,0.0017,0.0001,0.0009,0.0004,0.0007,0.0010,0.0001,104.9,1,103.9,0,1,1,44.33,2454.05
Louisville,Kentucky,KY,"Louisville, Kentucky",38.2542376,-85.759407,0.730321,1111,0.67,0.33,0.086,0.002,0.045,0.138,0.117,0.086,0.012,0.08,0.106,0.241,0.094,0.049,0.03,6,1,0.0004,0.0012,0.0002,0.0018,0.0004,0.0008,0.0019,0.0001,97.3,3.3,94,1,2,1,36.68,1900
Lafayette,Louisiana,LA,"Lafayette, Louisiana",30.2262187,-92.0178202,0.775487,972,0.615,0.385,0.052,0.054,0.078,0.053,0.138,0.042,0.015,0.067,0.12,0.254,0.107,0.044,0.029,7,0,0.0005,0.0031,0.0001,0.0016,0.0007,0.0013,0.0017,0.0000,98.3,24.6,73.7,0,1,1,48.73,2170.57
New Orleans,Louisiana,LA,"New Orleans, Louisiana",29.9759983,-90.0782127,0.719054,1160,0.427,0.573,0.099,0.006,0.075,0.056,0.116,0.07,0.013,0.055,0.13,0.255,0.122,0.052,0.051,7,0,0.0010,0.0025,0.0002,0.0025,0.0012,0.0022,0.0027,0.0002,97.6,27.6,70,1,2,1,60.98,2267
Portland,Maine,ME,"Portland, Maine",43.6573605,-70.2586618,0.647423,1596,0.837,0.163,0.081,0.005,0.038,0.081,0.14,0.033,0.021,0.074,0.156,0.294,0.093,0.04,0.024,2,6,0.0010,0.0029,0.0004,0.0034,0.0009,0.0019,0.0036,0.0002,93.5,-9,102.5,1,2,1,18.63,3175.86
Baltimore,Maryland,MD,"Baltimore, Maryland",39.2908816,-76.610759,0.673032,1565,0.459,0.541,0.136,0.002,0.053,0.049,0.106,0.056,0.016,0.056,0.158,0.274,0.08,0.048,0.099,0,7,0.0003,0.0012,0.0000,0.0007,0.0003,0.0005,0.0007,0.0001,98.9,6.9,92,1,2,1,48.36,7235.43
Boston,Massachusetts,MA,"Boston, Massachusetts",42.3554334,-71.060511,0.568487,2017,0.632,0.368,0.22,0.002,0.058,0.082,0.101,0.038,0.022,0.08,0.18,0.277,0.079,0.043,0.037,0,7,0.0002,0.0010,0.0001,0.0012,0.0003,0.0005,0.0012,0.0001,96.4,2.6,93.8,1,2,1,26.19,13976.98
Ann Arbor,Michigan,MI,"Ann Arbor, Michigan",42.2813722,-83.7484616,0.615968,1435,0.636,0.364,0.156,0.001,0.022,0.117,0.113,0.039,0.016,0.038,0.118,0.366,0.103,0.043,0.026,0,7,0.0004,0.0019,0.0002,0.0022,0.0004,0.0008,0.0022,0.0001,94.3,-5.6,99.9,0,0,0,24.94,4388.14
Detroit,Michigan,MI,"Detroit, Michigan",42.3315509,-83.0466403,0.740674,1191,0.605,0.395,0.121,0.003,0.05,0.194,0.121,0.05,0.014,0.067,0.124,0.215,0.088,0.043,0.03,0,7,0.0001,0.0004,0.0000,0.0003,0.0001,0.0003,0.0003,0.0000,95.4,-3.7,99.1,1,2,1,66.09,4606.84
Grand Rapids,Michigan,MI,"Grand Rapids, Michigan",42.9632425,-85.6678639,0.743496,1273,0.703,0.297,0.093,0.008,0.056,0.175,0.145,0.043,0.012,0.072,0.117,0.232,0.076,0.043,0.02,0,7,0.0004,0.0015,0.0001,0.0011,0.0004,0.0007,0.0011,0.0000,94.3,-6.3,100.6,1,2,1,39.99,4442.49
Lansing,Michigan,MI,"Lansing, Michigan",42.7338254,-84.5546295,0.678654,1067,0.674,0.326,0.086,0.006,0.04,0.099,0.119,0.053,0.011,0.083,0.103,0.281,0.086,0.041,0.076,0,7,0.0003,0.0019,0.0001,0.0011,0.0004,0.0007,0.0011,0.0001,94.3,-9.4,103.7,1,2,1,40.17,2877.68
Minneapolis,Minnesota,MN,"Minneapolis, Minnesota",44.9772995,-93.2654692,0.653743,1448,0.673,0.327,0.128,0.006,0.048,0.133,0.127,0.046,0.018,0.087,0.135,0.248,0.075,0.042,0.034,1,7,0.0002,0.0006,0.0001,0.0006,0.0002,0.0003,0.0006,0.0000,96.4,-16.9,113.3,1,2,1,66.28,7962.11
Rochester,Minnesota,MN,"Rochester, Minnesota",44.0234387,-92.4630182,0.616973,1446,0.716,0.284,0.134,0.002,0.041,0.072,0.105,0.013,0.008,0.037,0.061,0.524,0.069,0.039,0.031,1,7,0.0005,0.0024,0.0002,0.0018,0.0005,0.0010,0.0019,0.0001,93,-19.6,112.6,1,2,1,20.91,2184.07
Jackson,Mississippi,MS,"Jackson, Mississippi",32.2998686,-90.1830408,0.761901,1110,0.402,0.598,0.025,0.007,0.047,0.071,0.14,0.062,0.02,0.062,0.103,0.27,0.102,0.059,0.057,7,0,0.0003,0.0017,0.0001,0.0009,0.0004,0.0006,0.0010,0.0001,99.7,17.6,82.1,1,2,1,44.28,1375.82
Kansas City,Missouri,MO,"Kansas City, Missouri",39.100105,-94.5781416,0.736459,1254,0.668,0.332,0.088,0.005,0.063,0.092,0.131,0.065,0.022,0.094,0.146,0.22,0.078,0.042,0.042,7,0,0.0002,0.0007,0.0001,0.0005,0.0002,0.0005,0.0006,0.0001,101.7,-0.7,102.4,1,2,1,63.18,1614.38
St. Louis,Missouri,MO,"St. Louis, Missouri",38.6280278,-90.1910154,0.73989,1146,0.66,0.34,0.07,0.006,0.051,0.101,0.126,0.053,0.02,0.084,0.133,0.258,0.086,0.05,0.033,7,0,0.0002,0.0006,0.0001,0.0004,0.0002,0.0004,0.0005,0.0000,100.7,1.2,99.5,1,2,1,87.1,4886.23
Bozeman,Montana,MT,"Bozeman, Montana",45.6794293,-111.044047,0.676494,1852,0.865,0.135,0.048,0.022,0.091,0.029,0.154,0.04,0.021,0.076,0.132,0.23,0.121,0.052,0.031,6,1,0.0012,0.0029,0.0003,0.0044,0.0013,0.0025,0.0046,0.0002,94.8,-18.7,113.5,0,0,0,22.66,2554.43
Lincoln,Nebraska,NE,"Lincoln, Nebraska",40.8088861,-96.7077751,0.754105,1024,0.788,0.212,0.082,0.011,0.052,0.101,0.114,0.045,0.016,0.077,0.11,0.275,0.095,0.048,0.056,7,1,0.0005,0.0023,0.0001,0.0017,0.0006,0.0011,0.0018,0.0001,101.7,-2.5,104.2,0,1,1,33.02,2937.67
Omaha,Nebraska,NE,"Omaha, Nebraska",41.2587459,-95.9383758,0.741141,1188,0.714,0.286,0.093,0.009,0.065,0.086,0.131,0.059,0.018,0.105,0.126,0.242,0.083,0.041,0.035,7,1,0.0004,0.0011,0.0001,0.0007,0.0004,0.0008,0.0007,0.0000,99.8,-10.6,110.4,1,2,1,40.38,3658.41
Las Vegas,Nevada,NV,"Las Vegas, Nevada",36.1672559,-115.148516,0.699889,1662,0.422,0.578,0.224,0.004,0.076,0.038,0.126,0.087,0.017,0.061,0.131,0.16,0.222,0.041,0.035,1,6,0.0005,0.0019,0.0000,0.0015,0.0006,0.0012,0.0015,0.0001,113.6,8,105.6,1,2,1,35.41,4525.16
Reno,Nevada,NV,"Reno, Nevada",39.5261206,-119.8126581,0.687926,1618,0.615,0.385,0.15,0.008,0.079,0.103,0.134,0.069,0.012,0.051,0.132,0.194,0.136,0.042,0.039,1,6,0.0008,0.0024,0.0003,0.0024,0.0008,0.0016,0.0025,0.0001,102.6,5.6,97,1,2,1,32.36,2426.54
Manchester,New Hampshire,NH,"Manchester, New Hampshire",42.9956397,-71.4547891,0.709777,1647,0.785,0.215,0.124,0.001,0.066,0.126,0.152,0.052,0.018,0.083,0.109,0.261,0.074,0.037,0.021,3,4,0.0007,0.0028,0.0001,0.0026,0.0007,0.0013,0.0027,0.0001,97,-4.6,101.6,0,1,1,28.9,3497.05
Atlantic City,New Jersey,NJ,"Atlantic City, New Jersey",39.3642852,-74.4229351,0.693978,1323,0.595,0.405,0.158,0.005,0.056,0.042,0.093,0.043,0.011,0.063,0.093,0.262,0.23,0.044,0.056,0,7,0.0006,0.0020,0.0000,0.0012,0.0007,0.0013,0.0012,0.0001,98.1,4.4,93.7,1,2,1,97.09,3577.8
Albuquerque,New Mexico,NM,"Albuquerque, New Mexico",35.0841034,-106.650985,0.725524,1232,0.496,0.504,0.099,0.01,0.065,0.056,0.117,0.043,0.018,0.057,0.166,0.264,0.097,0.051,0.055,0,7,0.0003,0.0020,0.0002,0.0014,0.0003,0.0006,0.0015,0.0001,100.8,10.9,89.9,1,2,1,62.76,3014.68
Buffalo,New York,NY,"Buffalo, New York",42.8867166,-78.8783922,0.725026,1066,0.716,0.284,0.078,0.003,0.048,0.106,0.123,0.056,0.013,0.082,0.107,0.284,0.082,0.047,0.048,0,7,0.0003,0.0012,0.0001,0.0010,0.0003,0.0007,0.0011,0.0001,91.5,-20,111.5,1,2,1,40.88,6893.41
New York City,New York,NY,"New York City, New York",40.7127281,-74.0060152,0.442813,1763,0.444,0.556,0.31,0.002,0.057,0.052,0.109,0.065,0.031,0.091,0.152,0.272,0.082,0.048,0.04,0,7,0.0003,0.0008,0.0001,0.0008,0.0003,0.0005,0.0009,0.0000,97,7.7,89.3,1,2,1,38.22,29302.7
Charlotte,North Carolina,NC,"Charlotte, North Carolina",35.2272086,-80.8430827,0.605555,1656,0.492,0.508,0.16,0.003,0.07,0.086,0.123,0.066,0.023,0.131,0.164,0.181,0.083,0.048,0.023,6,2,0.0004,0.0013,0.0001,0.0010,0.0004,0.0008,0.0010,0.0000,98,12.6,85.4,1,2,1,41.95,2821.06
Durham,North Carolina,NC,"Durham, North Carolina",35.996653,-78.9018053,0.628578,1562,0.475,0.525,0.154,0.002,0.052,0.08,0.098,0.029,0.017,0.049,0.184,0.336,0.074,0.041,0.039,6,2,0.0004,0.0017,0.0001,0.0015,0.0004,0.0008,0.0015,0.0001,99.6,12.1,87.5,1,2,1,40.78,2457.51
Fayetteville,North Carolina,NC,"Fayetteville, North Carolina",35.0525759,-78.878292,0.739454,1232,0.395,0.605,0.074,0.003,0.058,0.091,0.135,0.075,0.013,0.038,0.111,0.255,0.094,0.049,0.077,6,2,0.0003,0.0018,0.0000,0.0010,0.0003,0.0006,0.0010,0.0000,100.5,15.3,85.2,0,1,1,44.64,1406.34
Greensboro,North Carolina,NC,"Greensboro, North Carolina",36.0726355,-79.7919754,0.728399,1202,0.429,0.571,0.12,0.002,0.045,0.125,0.151,0.071,0.01,0.073,0.103,0.253,0.105,0.04,0.021,6,2,0.0005,0.0024,0.0001,0.0018,0.0006,0.0011,0.0018,0.0001,97.4,11.8,85.6,1,2,1,46.35,2275.59
Raleigh,North Carolina,NC,"Raleigh, North Carolina",35.7803977,-78.6390989,0.630924,1653,0.576,0.424,0.157,0.007,0.055,0.094,0.11,0.038,0.021,0.087,0.234,0.196,0.072,0.042,0.045,6,2,0.0003,0.0010,0.0001,0.0009,0.0003,0.0006,0.0009,0.0000,99.6,12.1,87.5,1,2,1,28.68,3148.33
Fargo,North Dakota,ND,"Fargo, North Dakota",46.877229,-96.789821,0.784346,992,0.808,0.192,0.066,0.016,0.067,0.088,0.15,0.039,0.021,0.091,0.098,0.28,0.072,0.045,0.034,7,0,0.0005,0.0021,0.0001,0.0013,0.0006,0.0011,0.0014,0.0000,95.8,-25,120.8,0,1,1,46.99,2620
Cincinnati,Ohio,OH,"Cincinnati, Ohio",39.1014537,-84.5124602,0.732876,1122,0.721,0.279,0.068,0.004,0.051,0.13,0.136,0.057,0.014,0.077,0.136,0.233,0.082,0.046,0.033,6,1,0.0003,0.0008,0.0001,0.0008,0.0004,0.0007,0.0009,0.0001,95.3,-2.7,98,1,2,1,46.34,3969.98
Columbus,Ohio,OH,"Columbus, Ohio",39.9622601,-83.0007065,0.690003,1305,0.606,0.394,0.13,0.003,0.047,0.076,0.13,0.075,0.019,0.102,0.132,0.252,0.082,0.04,0.041,6,1,0.0003,0.0010,0.0001,0.0008,0.0003,0.0006,0.0008,0.0000,95,-0.9,95.9,1,2,1,40.13,4109.64
Oklahoma City,Oklahoma,OK,"Oklahoma City, Oklahoma",35.4729886,-97.5170536,0.767096,1177,0.572,0.428,0.099,0.023,0.065,0.067,0.146,0.056,0.014,0.07,0.121,0.231,0.085,0.057,0.065,7,0,0.0003,0.0014,0.0001,0.0007,0.0004,0.0007,0.0008,0.0001,103.8,7.5,96.3,1,2,1,37.18,1122.96
Tusla,Oklahoma,OK,"Tusla, Oklahoma",36.391142,-95.044788,0.756228,1107,0.601,0.399,0.098,0.012,0.07,0.107,0.14,0.066,0.018,0.062,0.114,0.228,0.089,0.056,0.037,7,0,0.0010,0.0000,0.0003,0.0000,0.0009,0.0019,0.0002,0.0002,103.9,4.6,99.3,1,1,0,51.88,2088.67
Eugene,Oregon,OR,"Eugene, Oregon",44.0505054,-123.0950506,0.652326,1406,0.77,0.23,0.049,0.019,0.054,0.091,0.133,0.03,0.013,0.045,0.121,0.3,0.093,0.053,0.046,0,7,0.0006,0.0030,0.0003,0.0021,0.0006,0.0013,0.0021,0.0001,100.6,17.1,83.5,0,1,1,37.63,3995.07
Portland,Oregon,OR,"Portland, Oregon",45.5202471,-122.674194,0.607053,1691,0.679,0.321,0.135,0.01,0.061,0.122,0.14,0.054,0.019,0.057,0.148,0.226,0.083,0.045,0.035,0,7,0.0005,0.0015,0.0001,0.0012,0.0005,0.0010,0.0013,0.0001,99.9,20.8,79.1,1,2,1,72.04,4888.1
Philadelphia,Pennsylvania,PA,"Philadelphia, Pennsylvania",39.9527237,-75.1635262,0.626996,1457,0.578,0.422,0.126,0.004,0.053,0.087,0.122,0.058,0.018,0.08,0.139,0.275,0.077,0.043,0.043,1,6,0.0002,0.0009,0.0000,0.0005,0.0002,0.0004,0.0005,0.0000,98.1,8.6,89.5,1,2,1,53.67,11936.92
Pittsburgh,Pennsylvania,PA,"Pittsburgh, Pennsylvania",40.4416941,-79.9900861,0.664782,1101,0.799,0.201,0.055,0.005,0.059,0.094,0.126,0.058,0.018,0.079,0.133,0.274,0.085,0.042,0.027,1,6,0.0003,0.0012,0.0001,0.0008,0.0004,0.0007,0.0009,0.0001,92.6,-1.5,94.1,1,2,1,36.03,5471.26
Providence,Rhode Island,RI,"Providence, Rhode Island",41.8239891,-71.4128343,0.728407,1348,0.7,0.3,0.156,0.005,0.066,0.108,0.137,0.045,0.011,0.065,0.125,0.262,0.083,0.049,0.043,0,7,0.0003,0.0013,0.0001,0.0009,0.0003,0.0007,0.0010,0.0000,96.6,2,94.6,1,2,1,28.64,10373.47
Charleston,South Carolina,SC,"Charleston, South Carolina",32.7884363,-79.9399309,0.706029,1667,0.657,0.343,0.077,0.003,0.071,0.1,0.114,0.062,0.013,0.075,0.164,0.205,0.098,0.045,0.05,7,0,0.0005,0.0015,0.0002,0.0021,0.0005,0.0010,0.0022,0.0001,98.9,20.3,78.6,1,2,1,23.07,1305.97
Columbia,South Carolina,SC,"Columbia, South Carolina",34.0003117,-81.0331309,0.745847,1211,0.505,0.495,0.064,0.006,0.052,0.081,0.126,0.063,0.015,0.078,0.112,0.259,0.074,0.059,0.075,7,0,0.0003,0.0016,0.0001,0.0009,0.0003,0.0006,0.0010,0.0000,101.5,16.7,84.8,1,2,1,35.32,991.45
Sioux Falls,South Dakota,SD,"Sioux Falls, South Dakota",43.5476008,-96.7293629,0.783065,986,0.786,0.214,0.102,0.016,0.057,0.115,0.131,0.037,0.019,0.107,0.091,0.279,0.07,0.041,0.036,7,0,0.0006,0.0023,0.0001,0.0018,0.0006,0.0013,0.0019,0.0001,96.8,-19.2,116,0,0,0,35.99,2387.25
Chattanooga,Tennessee,TN,"Chattanooga, Tennessee",35.0457219,-85.3094883,0.74493,1265,0.713,0.287,0.051,0.004,0.075,0.125,0.151,0.078,0.013,0.063,0.106,0.224,0.089,0.049,0.021,7,0,0.0004,0.0014,0.0001,0.0013,0.0004,0.0008,0.0013,0.0001,98.3,12.9,85.4,0,0,0,63.71,1272.19
Knoxville,Tennessee,TN,"Knoxville, Tennessee",35.9603948,-83.9210261,0.754429,1264,0.803,0.197,0.064,0.003,0.066,0.083,0.14,0.059,0.017,0.068,0.139,0.228,0.113,0.05,0.033,7,0,0.0003,0.0011,0.0001,0.0008,0.0003,0.0005,0.0008,0.0000,96,9,87,1,1,0,48.04,1931.9
Memphis,Tennessee,TN,"Memphis, Tennessee",35.1460249,-90.0517638,0.777831,1223,0.343,0.657,0.075,0.004,0.05,0.092,0.125,0.142,0.011,0.053,0.107,0.225,0.088,0.045,0.058,7,0,0.0002,0.0007,0.0001,0.0005,0.0002,0.0004,0.0005,0.0001,99.9,13.6,86.3,1,2,1,97.64,2146.71
Nashville,Tennessee,TN,"Nashville, Tennessee",36.1622767,-86.7742984,0.694509,1649,0.62,0.38,0.137,0.003,0.066,0.08,0.116,0.057,0.032,0.068,0.151,0.238,0.104,0.051,0.033,7,0,0.0006,0.0017,0.0001,0.0013,0.0006,0.0011,0.0013,0.0001,98.5,9,89.5,1,2,1,49.6,1420.32
Austin,Texas,TX,"Austin, Texas",30.2711286,-97.7436995,0.617842,1784,0.549,0.451,0.168,0.004,0.059,0.09,0.114,0.046,0.037,0.08,0.21,0.188,0.08,0.042,0.052,7,0,0.0004,0.0015,0.0001,0.0015,0.0005,0.0009,0.0015,0.0001,105.3,24.2,81.1,1,2,1,41.62,3006.36
Dallas,Texas,TX,"Dallas, Texas",32.7762719,-96.7968559,0.699281,1625,0.424,0.576,0.219,0.006,0.084,0.09,0.133,0.078,0.021,0.093,0.147,0.192,0.083,0.046,0.026,7,0,0.0001,0.0005,0.0000,0.0004,0.0001,0.0003,0.0004,0.0000,105.5,19.1,86.4,1,2,1,46.06,3840.88
Houston,Texas,TX,"Houston, Texas",29.7589382,-95.3676974,0.711382,1435,0.345,0.655,0.273,0.019,0.091,0.089,0.13,0.075,0.011,0.061,0.145,0.218,0.084,0.051,0.027,7,0,0.0002,0.0006,0.0000,0.0005,0.0002,0.0004,0.0005,0.0000,102.1,26,76.1,1,2,1,57.34,3598.43
San Antonio,Texas,TX,"San Antonio, Texas",29.4246002,-98.4951405,0.689071,1334,0.418,0.582,0.141,0.006,0.08,0.063,0.139,0.053,0.016,0.08,0.126,0.243,0.102,0.046,0.045,7,0,0.0003,0.0013,0.0001,0.0007,0.0003,0.0006,0.0008,0.0000,103.8,23.5,80.3,1,2,1,59.58,2875.86
Provo,Utah,UT,"Provo, Utah",40.2337289,-111.6587085,0.64273,1557,0.808,0.192,0.086,0.005,0.077,0.079,0.134,0.025,0.022,0.065,0.165,0.277,0.074,0.05,0.026,7,0,0.0000,0.0009,0.0001,0.0008,0.0000,0.0001,0.0008,0.0000,103.2,5.4,97.8,0,1,1,15.55,2762.34
Salt Lake City,Utah,UT,"Salt Lake City, Utah",40.7596198,-111.886797,0.652425,1649,0.698,0.302,0.136,0.006,0.073,0.101,0.137,0.058,0.017,0.081,0.14,0.225,0.085,0.044,0.033,7,0,0.0002,0.0012,0.0001,0.0009,0.0002,0.0004,0.0010,0.0000,102.3,0.9,101.4,1,2,1,76.11,1797.52
Burlington,Vermont,VT,"Burlington, Vermont",44.4761601,-73.212906,0.584907,1655,0.839,0.161,0.096,0.017,0.044,0.118,0.126,0.025,0.016,0.053,0.131,0.299,0.1,0.025,0.045,1,6,0.0009,0.0030,0.0002,0.0032,0.0009,0.0018,0.0033,0.0001,94.4,-15.3,109.7,0,1,1,59.83,4339.3
Richmond,Virginia,VA,"Richmond, Virginia",37.5385087,-77.43428,0.711889,1507,0.51,0.49,0.113,0.002,0.047,0.066,0.131,0.063,0.013,0.099,0.141,0.235,0.074,0.053,0.075,1,6,0.0003,0.0012,0.0001,0.0008,0.0003,0.0005,0.0009,0.0001,99.6,9.1,90.5,1,2,1,37.73,3782
Virginia Beach,Virginia,VA,"Virginia Beach, Virginia",36.8496579,-75.9760751,0.736415,1475,0.5,0.5,0.072,0.003,0.061,0.088,0.122,0.064,0.015,0.064,0.121,0.232,0.099,0.05,0.08,1,6,0.0001,0.0004,0.0000,0.0004,0.0001,0.0002,0.0004,0.0000,99.3,16.8,82.5,0,1,1,17.05,1877.53
Seattle,Washington,WA,"Seattle, Washington",47.6038321,-122.330062,0.593866,1971,0.558,0.442,0.229,0.005,0.055,0.086,0.128,0.058,0.038,0.059,0.192,0.212,0.084,0.045,0.037,0,7,0.0002,0.0008,0.0001,0.0010,0.0003,0.0005,0.0010,0.0000,94.1,21.5,72.6,1,2,1,65.73,8775.03
Spokane,Washington,WA,"Spokane, Washington",47.6571934,-117.42351,0.701422,1331,0.811,0.189,0.064,0.008,0.056,0.087,0.157,0.067,0.012,0.07,0.112,0.245,0.084,0.054,0.048,0,7,0.0004,0.0013,0.0001,0.0011,0.0004,0.0009,0.0011,0.0000,99.1,-3,102.1,1,2,1,63.84,3300
Charleston,West Virginia,WV,"Charleston, West Virginia",38.3505995,-81.6332812,0.760975,843,0.849,0.151,0.021,0.012,0.073,0.056,0.135,0.028,0.022,0.054,0.125,0.287,0.081,0.033,0.093,6,0,0.0004,0.0020,0.0001,0.0014,0.0005,0.0008,0.0015,0.0001,95.3,2.3,93,0,1,1,23.07,1491.83
Madison,Wisconsin,WI,"Madison, Wisconsin",43.074761,-89.3837613,0.626675,1395,0.74,0.26,0.101,0.004,0.033,0.088,0.1,0.023,0.023,0.058,0.201,0.302,0.078,0.045,0.045,4,3,0.0006,0.0019,0.0007,0.0020,0.0006,0.0013,0.0021,0.0001,94.1,-13.9,108,0,1,1,27.66,3391
Milwaukee,Wisconsin,WI,"Milwaukee, Wisconsin",43.0386475,-87.9090751,0.713306,1125,0.602,0.398,0.092,0.006,0.049,0.167,0.128,0.048,0.013,0.076,0.115,0.254,0.075,0.041,0.028,4,3,0.0005,0.0012,0.0001,0.0009,0.0005,0.0010,0.0009,0.0001,95,-7.9,102.9,1,2,1,51.06,6000
Cheyenne,Wyoming,WY,"Cheyenne, Wyoming",41.139981,-104.820246,0.794392,1141,0.771,0.229,0.033,0.011,0.085,0.047,0.14,0.079,0.02,0.082,0.083,0.233,0.08,0.04,0.101,7,0,0.0005,0.0022,0.0002,0.0020,0.0005,0.0009,0.0021,0.0001,95.2,-13,108.2,0,1,1,40.57,1991.23