City,State,StateCode,CensusCode,City_State,Latitude,Longitude,Population,sameHouse1yr,car_percent,public_transport_percent,walked_percent,medianIncome,employment,rent_percent,own_percent,medianValue,medianRent,white_percent,black_percent,asian_percent,two_plus_percent,hispanic_percent,foreign_born_percent,commute_10_percent,commute_10_29_percent,commute_30_59_percent,commute_60_percent,ya_percent,NR_percent,construction_percent,manufacturing_percent,sales_percent,transpo_percent,info_percent,finance_percent,sci_percent,edu_percent,arts_percent,other_percent,PA_percent,percent_1_unit,percent_2_unit,percent_3_4_unit,percent_5_9_unit,percent_10_unit,percent_other_housing,republican,democrat,bars_pp,restaurants_pp,parks_pp,activities_pp,nightlife_pp,museums_pp,max_avg_high,max_avg_low,mean_diff,International_airport,amtrak,crime_rate
Birmingham,Alabama,AL,07786,"Birmingham, Alabama",33.5206824,-86.8024326,778756,669858,0.767944,0.003628,0.032494,69947,390541,0.347963,0.652037,278700,1208,0.514,0.383,0.022,0.055,0.06,0.056,0.08,0.566,0.3,0.053,0.09,0.004,0.059,0.084,0.135,0.072,0.017,0.083,0.108,0.255,0.088,0.053,0.041,0.729,0.014,0.028,0.061,0.147,0.022,7,0,0.00032,0.001216,8e-05,0.000841,0.000343,4.8e-05,98.6,13.4,85.2,1,1,59.78
Huntsville,Alabama,AL,40780,"Huntsville, Alabama",34.729847,-86.5859011,359389,301448,0.757183,0.000341,0.024471,86901,194391,0.345625,0.654375,326700,1291,0.604,0.258,0.029,0.075,0.071,0.053,0.108,0.661,0.212,0.019,0.107,0.002,0.05,0.15,0.1,0.025,0.012,0.041,0.224,0.182,0.077,0.052,0.083,0.712,0.013,0.049,0.072,0.14,0.013,7,0,0.000345,0.001739,7.8e-05,0.001049,0.000373,6.7e-05,99.2,11.7,87.5,1,1,18.0
Anchorage,Alaska,AK,02305,"Anchorage, Alaska",61.2163129,-149.894852,245624,197589,0.714008,0.013192,0.068132,90793,140198,0.400325,0.599675,373200,1473,0.531,0.053,0.106,0.156,0.105,0.118,0.166,0.711,0.094,0.03,0.099,0.03,0.055,0.026,0.128,0.093,0.024,0.029,0.113,0.273,0.087,0.041,0.101,0.553,0.06,0.104,0.068,0.171,0.043,6,1,0.00044,0.002789,0.000489,0.003074,0.000464,0.000155,77.7,-13.2,90.9,1,0,38.97
Phoenix,Arizona,AZ,69184,"Phoenix, Arizona",33.4484367,-112.074141,4065338,3457480,0.65245,0.013863,0.037463,85268,2154287,0.354088,0.645912,467000,1754,0.602,0.056,0.049,0.184,0.29,0.143,0.099,0.526,0.317,0.059,0.094,0.005,0.078,0.08,0.133,0.054,0.02,0.106,0.141,0.211,0.089,0.046,0.037,0.681,0.011,0.042,0.042,0.175,0.05,3,3,0.000107,0.000541,2.3e-05,0.000467,0.000118,2e-05,115.7,33.8,81.9,1,1,37.3
Tucson,Arizona,AZ,88732,"Tucson, Arizona",32.2228765,-110.974847,879871,728456,0.700604,0.022234,0.037437,66730,451920,0.379266,0.620734,334800,1255,0.566,0.042,0.031,0.24,0.388,0.133,0.11,0.566,0.285,0.039,0.124,0.01,0.067,0.076,0.129,0.056,0.013,0.051,0.129,0.261,0.109,0.05,0.05,0.662,0.019,0.036,0.035,0.173,0.075,3,3,0.000278,0.001591,8.4e-05,0.00125,0.000295,7.5e-05,110.7,25.6,85.1,1,1,41.56
Little Rock,Arkansas,AR,50392,"Little Rock, Arkansas",34.7465071,-92.2896267,467846,409973,0.749943,0.013134,0.023685,62478,230250,0.404275,0.595725,216200,1063,0.549,0.307,0.022,0.089,0.092,0.063,0.116,0.588,0.261,0.035,0.091,0.004,0.064,0.068,0.145,0.057,0.013,0.088,0.102,0.268,0.074,0.049,0.067,0.658,0.026,0.036,0.055,0.173,0.052,7,0,0.00028,0.001676,8.5e-05,0.000849,0.000297,8.1e-05,102.4,13.6,88.8,1,1,72.08
Los Angeles,California,CA,51445,"Los Angeles, California",34.0536909,-118.242766,11885717,10680530,0.673552,0.034906,0.048914,90410,6432320,0.53812,0.46188,861400,1968,0.308,0.062,0.176,0.195,0.468,0.337,0.07,0.451,0.363,0.116,0.09,0.005,0.063,0.089,0.124,0.066,0.038,0.057,0.141,0.219,0.11,0.052,0.034,0.542,0.025,0.061,0.075,0.278,0.019,0,7,9.3e-05,0.000715,3.2e-05,0.000639,0.000118,3.4e-05,101.5,39.2,62.3,1,1,35.91
Sacramento,California,CA,77068,"Sacramento, California",38.5810606,-121.493895,1962998,1730929,0.666371,0.010275,0.041551,94277,1007631,0.376253,0.623747,576600,1809,0.475,0.079,0.169,0.153,0.228,0.212,0.094,0.525,0.307,0.075,0.082,0.009,0.068,0.05,0.12,0.07,0.015,0.063,0.128,0.239,0.084,0.046,0.108,0.729,0.017,0.049,0.048,0.133,0.024,0,7,0.000195,0.000968,0.00011,0.001121,0.000217,5.3e-05,107.0,26.9,80.1,1,1,43.63
San Diego,California,CA,78661,"San Diego, California",32.7174202,-117.162772,3057778,2636413,0.679188,0.022088,0.056586,103341,1681843,0.469927,0.530073,869500,2306,0.46,0.048,0.132,0.215,0.352,0.238,0.088,0.553,0.3,0.059,0.096,0.008,0.06,0.101,0.11,0.046,0.018,0.058,0.166,0.234,0.102,0.047,0.05,0.585,0.02,0.052,0.077,0.236,0.031,0,7,0.00031,0.00121,0.000119,0.001668,0.000327,7.5e-05,94.0,42.6,51.4,1,1,23.33
San Francisco,California,CA,78904,"San Francisco, California",37.7792588,-122.4193286,3364862,2922256,0.492033,0.11785,0.091503,123342,1914929,0.495286,0.504714,1147200,2367,0.34,0.071,0.311,0.126,0.239,0.35,0.064,0.453,0.362,0.122,0.077,0.004,0.052,0.082,0.097,0.055,0.043,0.062,0.226,0.214,0.08,0.046,0.038,0.528,0.049,0.069,0.066,0.278,0.009,0,7,0.000357,0.001545,0.000205,0.002348,0.000446,0.000134,94.0,38.8,55.2,1,1,66.64
San Jose,California,CA,79039,"San Jose, California",37.3361663,-121.890591,1771563,1499746,0.655533,0.030388,0.050181,156284,1001194,0.466597,0.533403,1509000,2800,0.292,0.025,0.429,0.125,0.229,0.432,0.065,0.562,0.307,0.066,0.091,0.002,0.043,0.167,0.083,0.033,0.068,0.04,0.234,0.196,0.071,0.037,0.026,0.599,0.014,0.054,0.052,0.256,0.026,0,7,0.000232,0.001806,0.00018,0.001976,0.000267,7.2e-05,99.8,30.7,69.1,1,1,31.82
Boulder,Colorado,CO,09298,"Boulder, Colorado",40.0149856,-105.270545,120121,81865,0.481742,0.052707,0.144682,77348,69375,0.519432,0.480568,939600,1908,0.8,0.016,0.053,0.115,0.106,0.102,0.2,0.631,0.121,0.048,0.285,0.013,0.022,0.08,0.123,0.022,0.029,0.04,0.219,0.262,0.113,0.047,0.031,0.471,0.019,0.068,0.087,0.333,0.021,0,7,0.000808,0.003713,0.000666,0.0079,0.000849,0.000158,98.5,-7.5,106.0,0,0,37.62
Colorado Springs,Colorado,CO,18856,"Colorado Springs, Colorado",38.8339578,-104.825348,638421,507435,0.690481,0.003281,0.040851,85562,358106,0.364319,0.635681,457600,1688,0.698,0.065,0.031,0.135,0.2,0.072,0.118,0.599,0.224,0.058,0.099,0.007,0.067,0.055,0.12,0.044,0.027,0.08,0.154,0.236,0.093,0.055,0.062,0.723,0.014,0.033,0.049,0.159,0.021,0,7,0.000414,0.001566,9.1e-05,0.001501,0.000445,6.9e-05,96.7,-7.1,103.8,0,0,40.74
Denver,Colorado,CO,23527,"Denver, Colorado",39.7392364,-104.984862,2691349,2220545,0.642175,0.024968,0.041574,100522,1602705,0.395081,0.604919,594700,1894,0.637,0.058,0.046,0.168,0.255,0.131,0.094,0.498,0.345,0.063,0.083,0.01,0.075,0.064,0.119,0.055,0.032,0.078,0.178,0.205,0.095,0.048,0.042,0.621,0.011,0.029,0.052,0.273,0.013,0,7,0.00035,0.001078,9.8e-05,0.001189,0.000365,5.3e-05,100.6,-11.0,111.6,1,1,74.14
Fort Collins,Colorado,CO,30628,"Fort Collins, Colorado",40.5871782,-105.0770113,339256,279237,0.668424,0.008643,0.063701,86848,191077,0.39494,0.60506,543300,1693,0.82,0.011,0.023,0.115,0.134,0.047,0.156,0.569,0.199,0.076,0.149,0.017,0.065,0.092,0.103,0.038,0.019,0.054,0.147,0.267,0.113,0.043,0.043,0.688,0.018,0.055,0.067,0.147,0.025,0,7,0.000392,0.001486,0.000121,0.001727,0.000348,3.8e-05,98.2,-7.7,105.9,0,1,32.02
Hartford,Connecticut,CT,37243,"Hartford, Connecticut",41.764582,-72.6908547,969171,859217,0.71461,0.028709,0.037245,85062,531094,0.374419,0.625581,311800,1377,0.619,0.134,0.065,0.107,0.189,0.167,0.12,0.588,0.242,0.05,0.093,0.006,0.049,0.105,0.115,0.06,0.017,0.095,0.12,0.27,0.078,0.039,0.047,0.593,0.07,0.095,0.066,0.169,0.006,0,7,0.00017,0.001032,8e-05,0.00087,0.000189,5.6e-05,97.7,-3.4,101.1,1,1,30.36
New Haven,Connecticut,CT,62407,"New Haven, Connecticut",41.3082138,-72.9250518,565056,482609,0.710961,0.031631,0.060478,79396,302598,0.414533,0.585467,348600,1457,0.612,0.136,0.044,0.103,0.2,0.138,0.155,0.559,0.223,0.063,0.104,0.002,0.056,0.101,0.103,0.05,0.019,0.056,0.108,0.363,0.075,0.04,0.027,0.577,0.107,0.102,0.047,0.16,0.007,0,7,0.000333,0.001947,7.8e-05,0.001326,0.00037,4.8e-05,92.1,6.2,85.9,0,1,37.17
Dover,Delaware,DE,24580,"Dover, Delaware",39.158168,-75.5243682,128045,107616,0.757559,0.015149,0.033823,71337,67921,0.277894,0.722106,307600,1390,0.453,0.382,0.022,0.098,0.114,0.104,0.116,0.548,0.239,0.097,0.114,0.001,0.056,0.076,0.144,0.065,0.006,0.06,0.079,0.262,0.101,0.031,0.121,0.757,0.007,0.018,0.051,0.089,0.078,0,7,0.000211,0.001991,0.002218,0.001343,0.000242,0.001539,96.1,8.8,87.3,0,1,55.53
Washington,District of Columbia,DC,92242,"Washington, District of Columbia",38.8950368,-77.0365427,5146120,4377744,0.533772,0.095641,0.060809,122458,2968953,0.401583,0.598417,607500,1973,0.39,0.258,0.123,0.124,0.197,0.275,0.057,0.413,0.411,0.119,0.086,0.001,0.062,0.03,0.077,0.043,0.024,0.064,0.233,0.194,0.08,0.064,0.128,0.586,0.013,0.025,0.06,0.312,0.005,0,7,0.000233,0.000952,9.8e-05,0.000816,0.000253,7.7e-05,99.1,12.3,86.8,1,1,42.29
Gainesville,Florida,FL,32167,"Gainesville, Florida",29.6519684,-82.3249846,219946,164227,0.710908,0.030512,0.085462,56111,118015,0.525533,0.474467,317300,1381,0.574,0.194,0.076,0.115,0.134,0.144,0.135,0.636,0.2,0.029,0.252,0.009,0.028,0.03,0.122,0.026,0.002,0.052,0.104,0.443,0.086,0.042,0.055,0.502,0.017,0.085,0.11,0.261,0.025,7,0,0.000532,0.002573,0.000286,0.002228,0.000587,6.8e-05,97.8,22.8,75.0,0,1,32.48
Jacksonville,Florida,FL,42346,"Jacksonville, Florida",30.3321838,-81.655651,1303156,1083342,0.671075,0.006121,0.036312,74416,680730,0.382133,0.617867,352400,1553,0.548,0.245,0.052,0.112,0.124,0.114,0.087,0.526,0.341,0.046,0.084,0.004,0.068,0.054,0.147,0.066,0.017,0.123,0.144,0.193,0.092,0.046,0.046,0.681,0.019,0.054,0.053,0.164,0.029,7,0,0.00019,0.000998,9e-05,0.000708,0.000206,2.5e-05,98.4,23.5,74.9,1,1,63.99
Miami,Florida,FL,56602,"Miami, Florida",25.7741728,-80.19362,6113982,5261172,0.685111,0.027114,0.044924,76187,3249717,0.382323,0.617677,473700,1920,0.364,0.194,0.026,0.322,0.467,0.429,0.067,0.464,0.365,0.104,0.077,0.005,0.08,0.046,0.135,0.081,0.016,0.087,0.151,0.205,0.105,0.056,0.032,0.507,0.022,0.043,0.054,0.354,0.02,7,0,0.00018,0.000769,5e-05,0.000752,0.000213,3.5e-05,95.8,42.5,53.3,1,1,29.79
Orlando,Florida,FL,65863,"Orlando, Florida",28.5421109,-81.3790304,1913597,1617321,0.676937,0.011579,0.034565,78805,1045760,0.418,0.582,403600,1811,0.473,0.182,0.048,0.201,0.294,0.219,0.072,0.492,0.37,0.066,0.097,0.003,0.066,0.054,0.131,0.065,0.017,0.073,0.164,0.2,0.157,0.043,0.027,0.618,0.012,0.04,0.07,0.229,0.031,7,0,0.000299,0.001411,0.000111,0.001254,0.000324,3.7e-05,97.2,31.3,65.9,1,1,48.54
Tallahassee,Florida,FL,86464,"Tallahassee, Florida",30.4380832,-84.2809332,261271,203313,0.726205,0.025226,0.041766,63612,148159,0.52267,0.47733,309900,1284,0.536,0.32,0.037,0.084,0.084,0.089,0.125,0.649,0.188,0.037,0.235,0.01,0.037,0.024,0.13,0.023,0.012,0.049,0.136,0.254,0.119,0.053,0.155,0.522,0.031,0.09,0.058,0.26,0.039,7,0,0.000566,0.002905,0.000318,0.001979,0.000589,9.2e-05,99.8,20.2,79.6,1,0,30.54
Tampa,Florida,FL,86599,"Tampa, Florida",27.9477595,-82.458444,2906035,2463459,0.659608,0.011241,0.039656,73971,1517492,0.341875,0.658125,384000,1753,0.601,0.124,0.044,0.17,0.224,0.171,0.093,0.463,0.349,0.095,0.079,0.007,0.071,0.06,0.135,0.052,0.016,0.104,0.163,0.205,0.093,0.053,0.039,0.622,0.017,0.04,0.055,0.192,0.074,7,0,0.000146,0.000723,6.2e-05,0.000654,0.000162,2e-05,96.2,32.8,63.4,1,1,24.3
West Palm Beach,Florida,FL,22612,"West Palm Beach, Florida",26.715364,-80.0532942,429526,371916,0.711859,0.007045,0.036654,61638,190866,0.269548,0.730452,358200,1484,0.75,0.103,0.025,0.09,0.092,0.095,0.123,0.555,0.225,0.097,0.079,0.001,0.071,0.054,0.162,0.058,0.012,0.09,0.134,0.232,0.101,0.048,0.037,0.642,0.024,0.028,0.051,0.178,0.077,7,0,0.000489,0.002561,0.000265,0.003492,0.000556,0.00013,95.4,37.7,57.7,1,1,33.13
Athens,Georgia,GA,03763,"Athens, Georgia",33.9597677,-83.376398,147368,111020,0.760082,0.016134,0.032043,58872,80817,0.550412,0.449588,333400,1281,0.592,0.251,0.047,0.069,0.107,0.081,0.155,0.636,0.146,0.063,0.239,0.009,0.042,0.058,0.123,0.06,0.007,0.05,0.138,0.304,0.119,0.041,0.049,0.602,0.052,0.039,0.07,0.197,0.041,4,3,0.000706,0.002803,0.000143,0.002036,0.000713,7.5e-05,100.0,15.0,85.0,0,0,35.22
Atlanta,Georgia,GA,03817,"Atlanta, Georgia",33.7489924,-84.3902644,5211164,4492313,0.654892,0.017445,0.03754,88351,2881208,0.353113,0.646887,395800,1739,0.382,0.37,0.077,0.102,0.136,0.178,0.068,0.424,0.388,0.121,0.091,0.003,0.066,0.072,0.132,0.075,0.029,0.075,0.174,0.198,0.088,0.05,0.039,0.703,0.01,0.027,0.051,0.195,0.015,4,3,0.000134,0.000518,4e-05,0.000499,0.00015,2.6e-05,97.3,15.2,82.1,1,1,47.91
Columbus,Georgia,GA,19099,"Columbus, Georgia",32.4610708,-84.9880449,257578,215299,0.712022,0.014116,0.037217,51870,120547,0.477567,0.522433,181100,1005,0.419,0.428,0.019,0.091,0.076,0.043,0.145,0.658,0.159,0.039,0.088,0.009,0.05,0.101,0.12,0.052,0.013,0.109,0.105,0.23,0.101,0.039,0.071,0.652,0.027,0.07,0.068,0.149,0.035,4,3,0.000311,0.00259,0.00019,0.001281,0.000427,8.2e-05,99.5,19.2,80.3,0,0,32.89
Savannah,Georgia,GA,79768,"Savannah, Georgia",32.0790074,-81.0921335,316446,254025,0.732022,0.005442,0.042047,72008,165276,0.432339,0.567661,317100,1506,0.481,0.357,0.031,0.077,0.078,0.094,0.102,0.573,0.284,0.04,0.102,0.004,0.054,0.092,0.135,0.091,0.014,0.05,0.136,0.206,0.13,0.045,0.043,0.678,0.04,0.062,0.068,0.118,0.034,4,3,0.000654,0.002193,0.000193,0.00213,0.000717,0.000246,99.7,21.6,78.1,1,1,22.12
Honolulu,Hawaii,HI,39889,"Honolulu, Hawaii",21.304547,-157.855676,836233,722550,0.60379,0.05863,0.090304,100967,447916,0.422489,0.577511,863700,1953,0.157,0.023,0.457,0.252,0.099,0.21,0.087,0.489,0.333,0.092,0.085,0.005,0.068,0.031,0.136,0.071,0.015,0.065,0.108,0.232,0.127,0.052,0.088,0.522,0.018,0.049,0.064,0.343,0.003,0,7,0.000545,0.00287,0.000397,0.003707,0.000631,0.000151,91.7,58.5,33.2,1,0,35.5
Boise,Idaho,ID,08785,"Boise, Idaho",43.6166163,-116.200886,449428,372413,0.684411,0.0052,0.043678,88062,244465,0.319665,0.680335,522100,1590,0.827,0.018,0.031,0.086,0.095,0.067,0.117,0.69,0.166,0.026,0.096,0.008,0.08,0.108,0.132,0.039,0.021,0.073,0.126,0.224,0.093,0.041,0.056,0.775,0.015,0.057,0.029,0.099,0.025,7,0,0.000461,0.001611,0.000158,0.001524,0.000487,5.6e-05,105.2,5.1,100.1,1,1,14.66
Chicago,Illinois,IL,16264,"Chicago, Illinois",41.8755616,-87.6244212,8489066,7498122,0.611531,0.091833,0.054559,86849,4634509,0.353194,0.646806,321100,1405,0.502,0.168,0.078,0.131,0.252,0.198,0.088,0.423,0.367,0.123,0.087,0.003,0.049,0.11,0.12,0.075,0.018,0.08,0.151,0.23,0.086,0.046,0.032,0.571,0.063,0.077,0.078,0.202,0.009,0,7,0.000165,0.000613,3.9e-05,0.000554,0.000177,3.7e-05,97.1,-6.5,103.6,1,1,37.15
Indianapolis,Indiana,IN,41212,"Indianapolis, Indiana",39.7683331,-86.1583502,1740984,1487031,0.730688,0.007645,0.024883,79550,951403,0.352314,0.647686,290400,1247,0.639,0.181,0.048,0.085,0.099,0.111,0.109,0.523,0.321,0.047,0.088,0.004,0.057,0.114,0.132,0.067,0.014,0.076,0.134,0.243,0.076,0.045,0.039,0.725,0.016,0.049,0.067,0.129,0.014,7,0,0.000183,0.000747,0.000125,0.000862,0.000209,7.8e-05,94.9,-4.9,99.8,1,1,43.82
South Bend,Indiana,IN,83116,"South Bend, Indiana",41.6833813,-86.2500066,275725,239642,0.740066,0.012072,0.045986,63213,140449,0.323096,0.676904,189200,1066,0.703,0.129,0.028,0.105,0.107,0.072,0.152,0.646,0.169,0.034,0.116,0.004,0.054,0.18,0.121,0.054,0.014,0.051,0.084,0.294,0.071,0.047,0.024,0.773,0.015,0.046,0.057,0.09,0.019,7,0,0.00045,0.002046,0.000181,0.001335,0.000482,5.8e-05,95.3,-7.7,103.0,0,1,46.15
Des Moines,Iowa,IA,23743,"Des Moines, Iowa",41.5868654,-93.6249494,560170,469809,0.731635,0.004641,0.039297,81787,317769,0.346117,0.653883,275900,1178,0.759,0.074,0.055,0.068,0.101,0.108,0.15,0.675,0.148,0.028,0.089,0.009,0.071,0.091,0.135,0.051,0.016,0.137,0.112,0.207,0.088,0.047,0.035,0.698,0.013,0.019,0.033,0.223,0.014,7,0,0.000386,0.001267,8.6e-05,0.0008,0.000405,3e-05,97.4,-11.4,108.8,1,0,33.01
Lawrence,Kansas,KS,48232,"Lawrence, Kansas",38.9719137,-95.2359403,96380,69017,0.67541,0.033117,0.065699,62707,55561,0.563716,0.436284,293700,1033,0.742,0.057,0.05,0.122,0.085,0.07,0.233,0.46,0.271,0.036,0.249,0.005,0.046,0.061,0.145,0.029,0.028,0.063,0.141,0.304,0.095,0.054,0.028,0.572,0.038,0.072,0.065,0.23,0.022,6,1,0.000716,0.002646,0.000291,0.0022,0.000778,0.000104,101.3,-3.6,104.9,0,1,28.21
Wichita,Kansas,KS,95077,"Wichita, Kansas",37.6922361,-97.3375448,501760,422397,0.804034,0.006498,0.026166,65663,262618,0.393043,0.606957,206800,979,0.679,0.084,0.042,0.138,0.174,0.086,0.145,0.702,0.119,0.034,0.098,0.014,0.064,0.162,0.134,0.055,0.015,0.063,0.102,0.228,0.087,0.039,0.038,0.749,0.025,0.049,0.04,0.112,0.026,6,1,0.000331,0.00169,6e-05,0.000923,0.000397,5.4e-05,104.9,1.0,103.9,0,1,44.33
Louisville,Kentucky,KY,51755,"Louisville, Kentucky",38.2542376,-85.759407,965005,823601,0.730321,0.014529,0.034297,65820,498186,0.350239,0.649761,246100,1111,0.67,0.175,0.028,0.1,0.08,0.086,0.107,0.645,0.213,0.035,0.082,0.002,0.045,0.138,0.117,0.086,0.012,0.08,0.106,0.241,0.094,0.049,0.03,0.691,0.022,0.059,0.078,0.136,0.015,6,1,0.000389,0.001244,0.000171,0.001762,0.000407,0.000101,97.3,3.3,94.0,1,1,36.68
Lafayette,Louisiana,LA,46045,"Lafayette, Louisiana",30.2262187,-92.0178202,231548,202302,0.775487,0.005725,0.032796,64528,119023,0.352551,0.647449,242700,972,0.615,0.266,0.02,0.086,0.068,0.052,0.137,0.62,0.197,0.045,0.08,0.054,0.078,0.053,0.138,0.042,0.015,0.067,0.12,0.254,0.107,0.044,0.029,0.696,0.018,0.043,0.043,0.116,0.084,7,0,0.000523,0.003075,0.000108,0.001632,0.000739,4.3e-05,98.3,24.6,73.7,0,1,48.73
New Orleans,Louisiana,LA,62677,"New Orleans, Louisiana",29.9759983,-90.0782127,918752,811945,0.719054,0.0208,0.060916,60502,458780,0.380408,0.619592,267200,1160,0.427,0.375,0.034,0.108,0.135,0.099,0.119,0.545,0.283,0.054,0.079,0.006,0.075,0.056,0.116,0.07,0.013,0.055,0.13,0.255,0.122,0.052,0.051,0.661,0.089,0.059,0.042,0.129,0.02,7,0,0.000994,0.002503,0.000161,0.002503,0.001197,0.000211,97.6,27.6,70.0,1,1,60.98
Portland,Maine,ME,71263,"Portland, Maine",43.6573605,-70.2586618,213660,182612,0.647423,0.027314,0.070992,87804,128394,0.40775,0.59225,474300,1596,0.837,0.045,0.024,0.083,0.031,0.081,0.158,0.628,0.182,0.031,0.101,0.005,0.038,0.081,0.14,0.033,0.021,0.074,0.156,0.294,0.093,0.04,0.024,0.536,0.099,0.13,0.062,0.156,0.017,2,6,0.000988,0.002855,0.000384,0.00344,0.000913,0.000164,93.5,-9.0,102.5,1,1,18.63
Baltimore,Maryland,MD,04843,"Baltimore, Maryland",39.2908816,-76.610759,2189589,1903204,0.673032,0.042874,0.049037,87972,1181470,0.375813,0.624187,364400,1565,0.459,0.343,0.069,0.073,0.09,0.136,0.081,0.477,0.347,0.096,0.086,0.002,0.053,0.049,0.106,0.056,0.016,0.056,0.158,0.274,0.08,0.048,0.099,0.697,0.02,0.027,0.064,0.184,0.007,0,7,0.00025,0.001187,4.5e-05,0.000685,0.000289,5.3e-05,98.9,6.9,92.0,1,1,48.36
Boston,Massachusetts,MA,09271,"Boston, Massachusetts",42.3554334,-71.060511,4355184,3786006,0.568487,0.103354,0.084649,109693,2518796,0.410346,0.589654,661000,2017,0.632,0.084,0.097,0.112,0.14,0.22,0.089,0.411,0.362,0.138,0.1,0.002,0.058,0.082,0.101,0.038,0.022,0.08,0.18,0.277,0.079,0.043,0.037,0.489,0.108,0.115,0.058,0.222,0.007,0,7,0.00023,0.00101,9.7e-05,0.001194,0.000276,5.1e-05,96.4,2.6,93.8,1,1,26.19
Ann Arbor,Michigan,MI,02602,"Ann Arbor, Michigan",42.2813722,-83.7484616,314647,240990,0.615968,0.046151,0.074172,76811,174775,0.429076,0.570924,339200,1435,0.636,0.157,0.094,0.098,0.065,0.156,0.107,0.606,0.246,0.04,0.189,0.001,0.022,0.117,0.113,0.039,0.016,0.038,0.118,0.366,0.103,0.043,0.026,0.58,0.019,0.046,0.121,0.188,0.045,0,7,0.000362,0.001904,0.000232,0.002155,0.000394,7.9e-05,94.3,-5.6,99.9,0,0,24.94
Detroit,Michigan,MI,23824,"Detroit, Michigan",42.3315509,-83.0466403,3716929,3302368,0.740674,0.009543,0.028174,70551,1896953,0.300249,0.699751,241100,1191,0.605,0.243,0.057,0.071,0.056,0.121,0.099,0.526,0.32,0.055,0.08,0.003,0.05,0.194,0.121,0.05,0.014,0.067,0.124,0.215,0.088,0.043,0.03,0.754,0.021,0.031,0.053,0.117,0.024,0,7,0.000126,0.00043,2.8e-05,0.00026,0.000148,2e-05,95.4,-3.7,99.1,1,1,66.09
Grand Rapids,Michigan,MI,34300,"Grand Rapids, Michigan",42.9632425,-85.6678639,611480,522535,0.743496,0.019142,0.034963,79135,341388,0.324046,0.675954,296800,1273,0.703,0.109,0.032,0.115,0.124,0.093,0.158,0.661,0.144,0.037,0.097,0.008,0.056,0.175,0.145,0.043,0.012,0.072,0.117,0.232,0.076,0.043,0.02,0.688,0.041,0.031,0.059,0.148,0.033,0,7,0.000352,0.001501,0.000144,0.001052,0.000375,2.8e-05,94.3,-6.3,100.6,1,1,39.99
Lansing,Michigan,MI,47719,"Lansing, Michigan",42.7338254,-84.5546295,318001,256178,0.678654,0.019265,0.065886,64473,174741,0.418599,0.581401,202400,1067,0.674,0.121,0.066,0.109,0.091,0.086,0.168,0.646,0.125,0.061,0.195,0.006,0.04,0.099,0.119,0.053,0.011,0.083,0.103,0.281,0.086,0.041,0.076,0.619,0.017,0.032,0.064,0.235,0.032,0,7,0.000343,0.00194,7.5e-05,0.001091,0.000362,5e-05,94.3,-9.4,103.7,1,1,40.17
Minneapolis,Minnesota,MN,57628,"Minneapolis, Minnesota",44.9772995,-93.2654692,2906807,2507900,0.653743,0.024909,0.040276,93662,1660357,0.335013,0.664987,369000,1448,0.673,0.118,0.086,0.083,0.078,0.128,0.107,0.61,0.252,0.031,0.085,0.006,0.048,0.133,0.127,0.046,0.018,0.087,0.135,0.248,0.075,0.042,0.034,0.655,0.026,0.021,0.027,0.259,0.012,1,7,0.00017,0.000619,5.6e-05,0.00055,0.000173,2.6e-05,96.4,-16.9,113.3,1,1,66.28
Rochester,Minnesota,MN,75637,"Rochester, Minnesota",44.0234387,-92.4630182,123252,101919,0.616973,0.041873,0.076624,85125,68466,0.342107,0.657893,323200,1446,0.716,0.098,0.08,0.066,0.061,0.134,0.185,0.69,0.087,0.037,0.084,0.002,0.041,0.072,0.105,0.013,0.008,0.037,0.061,0.524,0.069,0.039,0.031,0.675,0.023,0.052,0.03,0.208,0.012,1,7,0.000503,0.002361,0.000203,0.001826,0.000535,8.9e-05,93.0,-19.6,112.6,1,1,20.91
Jackson,Mississippi,MS,42211,"Jackson, Mississippi",32.2998686,-90.1830408,331332,287171,0.761901,0.001791,0.022819,56724,172415,0.377124,0.622876,211000,1110,0.402,0.516,0.015,0.039,0.035,0.025,0.086,0.665,0.225,0.024,0.099,0.007,0.047,0.071,0.14,0.062,0.02,0.062,0.103,0.27,0.102,0.059,0.057,0.728,0.02,0.043,0.089,0.099,0.021,7,0,0.000272,0.001657,8.5e-05,0.000899,0.000365,0.000121,99.7,17.6,82.1,1,1,44.28
Kansas City,Missouri,MO,43912,"Kansas City, Missouri",39.100105,-94.5781416,1686807,1462915,0.736459,0.007193,0.022592,77266,925594,0.370738,0.629262,284100,1254,0.668,0.142,0.034,0.107,0.128,0.088,0.112,0.622,0.236,0.03,0.084,0.005,0.063,0.092,0.131,0.065,0.022,0.094,0.146,0.22,0.078,0.042,0.042,0.714,0.02,0.038,0.057,0.16,0.011,7,0,0.000238,0.000711,5.8e-05,0.000527,0.000248,5.3e-05,101.7,-0.7,102.4,1,1,63.18
St. Louis,Missouri,MO,77770,"St. Louis, Missouri",38.6280278,-90.1910154,2127843,1865503,0.73989,0.014522,0.03089,77884,1162473,0.315166,0.684834,251800,1146,0.66,0.213,0.037,0.07,0.044,0.07,0.108,0.577,0.278,0.037,0.085,0.006,0.051,0.101,0.126,0.053,0.02,0.084,0.133,0.258,0.086,0.05,0.033,0.725,0.035,0.056,0.048,0.117,0.019,7,0,0.000194,0.000564,5.2e-05,0.000415,0.00022,3.9e-05,100.7,1.2,99.5,1,1,87.1
Bozeman,Montana,MT,09514,"Bozeman, Montana",45.6794293,-111.044047,63917,46971,0.676494,0.011016,0.096319,82969,42421,0.546789,0.453211,663800,1852,0.865,0.007,0.021,0.08,0.066,0.048,0.225,0.65,0.082,0.043,0.23,0.022,0.091,0.029,0.154,0.04,0.021,0.076,0.132,0.23,0.121,0.052,0.031,0.55,0.104,0.094,0.088,0.135,0.03,6,1,0.001236,0.002879,0.000282,0.004381,0.001252,0.000172,94.8,-18.7,113.5,0,0,22.66
Lincoln,Nebraska,NE,49933,"Lincoln, Nebraska",40.8088861,-96.7077751,293055,240059,0.754105,0.011495,0.064721,67925,164379,0.461301,0.538699,264600,1024,0.788,0.036,0.042,0.094,0.088,0.082,0.181,0.681,0.106,0.032,0.162,0.011,0.052,0.101,0.114,0.045,0.016,0.077,0.11,0.275,0.095,0.048,0.056,0.615,0.038,0.033,0.065,0.239,0.011,7,1,0.000525,0.00229,0.000143,0.001696,0.000594,9.6e-05,101.7,-2.5,104.2,0,1,33.02
Omaha,Nebraska,NE,65269,"Omaha, Nebraska",41.2587459,-95.9383758,826161,703271,0.741141,0.006431,0.029401,80510,459343,0.370953,0.629047,275000,1188,0.714,0.086,0.038,0.1,0.142,0.093,0.127,0.694,0.15,0.029,0.092,0.009,0.065,0.086,0.131,0.059,0.018,0.105,0.126,0.242,0.083,0.041,0.035,0.717,0.01,0.019,0.049,0.195,0.011,7,1,0.000374,0.001059,8.6e-05,0.000698,0.000398,4.6e-05,99.8,-10.6,110.4,1,1,40.38
Las Vegas,Nevada,NV,47995,"Las Vegas, Nevada",36.1672559,-115.148516,2256509,1893730,0.699889,0.023968,0.040935,75019,1182861,0.429389,0.570611,438000,1662,0.422,0.123,0.112,0.168,0.326,0.224,0.07,0.545,0.334,0.052,0.081,0.004,0.076,0.038,0.126,0.087,0.017,0.061,0.131,0.16,0.222,0.041,0.035,0.658,0.012,0.067,0.064,0.176,0.023,1,6,0.000532,0.001861,4.7e-05,0.001462,0.00062,8.4e-05,113.6,8.0,105.6,1,1,35.41
Reno,Nevada,NV,74179,"Reno, Nevada",39.5261206,-119.8126581,454814,385052,0.687926,0.01066,0.048099,83563,246459,0.394725,0.605275,536300,1618,0.615,0.022,0.064,0.188,0.278,0.15,0.105,0.647,0.206,0.042,0.09,0.008,0.079,0.103,0.134,0.069,0.012,0.051,0.132,0.194,0.136,0.042,0.039,0.631,0.016,0.053,0.077,0.163,0.06,1,6,0.000789,0.002419,0.000317,0.002419,0.00084,0.00011,102.6,5.6,97.0,1,1,32.36
Manchester,New Hampshire,NH,53740,"Manchester, New Hampshire",42.9956397,-71.4547891,162716,136113,0.709777,0.003815,0.050819,88710,97915,0.441584,0.558416,387800,1647,0.785,0.041,0.056,0.105,0.102,0.124,0.127,0.572,0.23,0.071,0.112,0.001,0.066,0.126,0.152,0.052,0.018,0.083,0.109,0.261,0.074,0.037,0.021,0.484,0.077,0.111,0.101,0.217,0.01,3,4,0.000658,0.002772,0.000104,0.002587,0.000688,7.4e-05,97.0,-4.6,101.6,0,1,28.9
Atlantic City,New Jersey,NJ,03904,"Atlantic City, New Jersey",39.3642852,-74.4229351,299290,263241,0.693978,0.054761,0.056012,77447,158434,0.305384,0.694616,358300,1323,0.595,0.123,0.072,0.108,0.185,0.158,0.145,0.578,0.209,0.068,0.08,0.005,0.056,0.042,0.093,0.043,0.011,0.063,0.093,0.262,0.23,0.044,0.056,0.696,0.065,0.046,0.047,0.122,0.025,0,7,0.000605,0.001961,4e-05,0.001183,0.000695,5e-05,98.1,4.4,93.7,1,1,97.09
Albuquerque,New Mexico,NM,01171,"Albuquerque, New Mexico",35.0841034,-106.650985,767499,664666,0.725524,0.011112,0.038658,69754,400902,0.341582,0.658418,307000,1232,0.496,0.033,0.029,0.26,0.488,0.099,0.12,0.591,0.229,0.06,0.092,0.01,0.065,0.056,0.117,0.043,0.018,0.057,0.166,0.264,0.097,0.051,0.055,0.715,0.014,0.061,0.033,0.132,0.046,0,7,0.00028,0.001954,0.000185,0.001433,0.000289,7.4e-05,100.8,10.9,89.9,1,1,62.76
Buffalo,New York,NY,11350,"Buffalo, New York",42.8867166,-78.8783922,949547,831781,0.725026,0.029768,0.046891,66777,486312,0.369703,0.630297,230700,1066,0.716,0.137,0.053,0.067,0.064,0.078,0.14,0.643,0.181,0.036,0.093,0.003,0.048,0.106,0.123,0.056,0.013,0.082,0.107,0.284,0.082,0.047,0.048,0.587,0.178,0.079,0.049,0.095,0.012,0,7,0.000315,0.001158,0.000102,0.001038,0.00034,6.4e-05,91.5,-20.0,111.5,1,1,40.88
New York City,New York,NY,63217,"New York City, New York",40.7127281,-74.0060152,18832416,16972962,0.442813,0.273878,0.086539,94043,10025644,0.50084,0.49916,613300,1763,0.444,0.162,0.125,0.126,0.261,0.31,0.073,0.354,0.367,0.206,0.083,0.002,0.057,0.052,0.109,0.065,0.031,0.091,0.152,0.272,0.082,0.048,0.04,0.403,0.101,0.074,0.057,0.361,0.004,0,7,0.000255,0.000796,5.2e-05,0.000802,0.000281,4.8e-05,97.0,7.7,89.3,1,1,38.22
Charlotte,North Carolina,NC,15670,"Charlotte, North Carolina",35.2272086,-80.8430827,1436613,1218584,0.605555,0.014604,0.032792,87522,816687,0.417415,0.582585,450700,1656,0.492,0.255,0.059,0.102,0.156,0.16,0.086,0.516,0.342,0.056,0.091,0.003,0.07,0.086,0.123,0.066,0.023,0.131,0.164,0.181,0.083,0.048,0.023,0.673,0.008,0.021,0.052,0.23,0.016,6,2,0.000404,0.001323,0.000104,0.000975,0.000428,3.4e-05,98.0,12.6,85.4,1,1,41.95
Durham,North Carolina,NC,25228,"Durham, North Carolina",35.996653,-78.9018053,411362,323810,0.628578,0.028545,0.061544,81082,233454,0.473686,0.526314,438500,1562,0.475,0.273,0.065,0.087,0.145,0.154,0.124,0.606,0.232,0.038,0.15,0.002,0.052,0.08,0.098,0.029,0.017,0.049,0.184,0.336,0.074,0.041,0.039,0.629,0.02,0.041,0.067,0.231,0.011,6,2,0.00037,0.001692,0.000119,0.001493,0.000382,5.6e-05,99.6,12.1,87.5,1,1,40.78
Fayetteville,North Carolina,NC,29440,"Fayetteville, North Carolina",35.0525759,-78.878292,326821,259573,0.739454,0.003542,0.081365,60179,166917,0.458267,0.541733,215500,1232,0.395,0.4,0.033,0.111,0.138,0.074,0.183,0.551,0.218,0.048,0.125,0.003,0.058,0.091,0.135,0.075,0.013,0.038,0.111,0.255,0.094,0.049,0.077,0.67,0.037,0.039,0.069,0.116,0.068,6,2,0.000272,0.001833,4.6e-05,0.000988,0.000334,4e-05,100.5,15.3,85.2,0,1,44.64
Greensboro,North Carolina,NC,35164,"Greensboro, North Carolina",36.0726355,-79.7919754,345858,281130,0.728399,0.012559,0.031837,63884,183240,0.446472,0.553528,259600,1202,0.429,0.374,0.05,0.091,0.104,0.12,0.146,0.614,0.176,0.064,0.132,0.002,0.045,0.125,0.151,0.071,0.01,0.073,0.103,0.253,0.105,0.04,0.021,0.649,0.016,0.035,0.102,0.173,0.024,6,2,0.000497,0.00238,9.3e-05,0.001761,0.000561,5.5e-05,97.4,11.8,85.6,1,1,46.35
Raleigh,North Carolina,NC,73261,"Raleigh, North Carolina",35.7803977,-78.6390989,1150010,972022,0.630924,0.007193,0.032561,102852,649710,0.368997,0.631003,483100,1653,0.576,0.189,0.09,0.091,0.113,0.157,0.094,0.551,0.303,0.052,0.086,0.007,0.055,0.094,0.11,0.038,0.021,0.087,0.234,0.196,0.072,0.042,0.045,0.709,0.009,0.023,0.045,0.196,0.018,6,2,0.000275,0.000957,8.8e-05,0.00087,0.000299,4.1e-05,99.6,12.1,87.5,1,1,28.68
Fargo,North Dakota,ND,29089,"Fargo, North Dakota",46.877229,-96.789821,225066,174272,0.784346,0.003388,0.057863,67510,134705,0.498386,0.501614,281100,992,0.808,0.077,0.03,0.07,0.04,0.066,0.175,0.719,0.084,0.022,0.164,0.016,0.067,0.088,0.15,0.039,0.021,0.091,0.098,0.28,0.072,0.045,0.034,0.5,0.011,0.032,0.041,0.4,0.015,7,0,0.00052,0.00211,7.1e-05,0.001337,0.000551,4.9e-05,95.8,-25.0,120.8,0,1,46.99
Cincinnati,Ohio,OH,16885,"Cincinnati, Ohio",39.1014537,-84.5124602,1704916,1483217,0.732876,0.014676,0.037366,77455,913064,0.358502,0.641498,274700,1122,0.721,0.142,0.032,0.08,0.052,0.068,0.106,0.585,0.274,0.034,0.088,0.004,0.051,0.13,0.136,0.057,0.014,0.077,0.136,0.233,0.082,0.046,0.033,0.665,0.039,0.062,0.06,0.165,0.01,6,1,0.000346,0.000821,7.8e-05,0.000821,0.000357,6.3e-05,95.3,-2.7,98.0,1,1,46.34
Columbus,Ohio,OH,19234,"Columbus, Ohio",39.9622601,-83.0007065,1578153,1306367,0.690003,0.015745,0.031988,76669,875026,0.458878,0.541122,327000,1305,0.606,0.215,0.066,0.08,0.069,0.13,0.104,0.648,0.215,0.033,0.094,0.003,0.047,0.076,0.13,0.075,0.019,0.102,0.132,0.252,0.082,0.04,0.041,0.636,0.024,0.07,0.088,0.17,0.011,6,1,0.000271,0.00095,0.000102,0.00076,0.000292,4.5e-05,95.0,-0.9,95.9,1,1,40.13
Oklahoma City,Oklahoma,OK,65080,"Oklahoma City, Oklahoma",35.4729886,-97.5170536,1000207,827094,0.767096,0.002758,0.027339,67408,520085,0.415042,0.584958,237200,1177,0.572,0.119,0.04,0.181,0.195,0.099,0.106,0.617,0.243,0.033,0.094,0.023,0.065,0.067,0.146,0.056,0.014,0.07,0.121,0.231,0.085,0.057,0.065,0.739,0.02,0.032,0.062,0.128,0.019,7,0,0.00032,0.0014,6.7e-05,0.000703,0.000378,5.1e-05,103.8,7.5,96.3,1,1,37.18
Tusla,Oklahoma,OK,88948,"Tusla, Oklahoma",36.391142,-95.044788,740620,626717,0.756228,0.004998,0.033695,65784,378197,0.404703,0.595297,235100,1107,0.601,0.094,0.038,0.164,0.156,0.098,0.127,0.675,0.168,0.03,0.093,0.012,0.07,0.107,0.14,0.066,0.018,0.062,0.114,0.228,0.089,0.056,0.037,0.721,0.012,0.031,0.056,0.161,0.019,7,0,0.001041,1.6e-05,0.000262,2.7e-05,0.000892,0.000205,103.9,4.6,99.3,1,0,51.88
Eugene,Oregon,OR,28117,"Eugene, Oregon",44.0505054,-123.0950506,272737,219099,0.652326,0.022447,0.089368,68771,144623,0.47191,0.52809,434700,1406,0.77,0.015,0.035,0.119,0.117,0.049,0.14,0.723,0.098,0.039,0.142,0.019,0.054,0.091,0.133,0.03,0.013,0.045,0.121,0.3,0.093,0.053,0.046,0.62,0.025,0.064,0.065,0.167,0.059,0,7,0.000634,0.002996,0.000268,0.002053,0.000634,6.6e-05,100.6,17.1,83.5,0,1,37.63
Portland,Oregon,OR,71317,"Portland, Oregon",45.5202471,-122.674194,2084045,1764478,0.607053,0.034469,0.0607,94771,1189952,0.411284,0.588716,559100,1691,0.679,0.037,0.081,0.136,0.147,0.135,0.111,0.562,0.264,0.062,0.08,0.01,0.061,0.122,0.14,0.054,0.019,0.057,0.148,0.226,0.083,0.045,0.035,0.632,0.024,0.046,0.062,0.212,0.023,0,7,0.00047,0.001535,0.000118,0.001248,0.00048,6.7e-05,99.9,20.8,79.1,1,1,72.04
Philadelphia,Pennsylvania,PA,69076,"Philadelphia, Pennsylvania",39.9527237,-75.1635262,5696588,5025246,0.626996,0.069323,0.058194,84489,3052563,0.344629,0.655371,349700,1457,0.578,0.212,0.068,0.083,0.113,0.126,0.099,0.451,0.348,0.102,0.089,0.004,0.053,0.087,0.122,0.058,0.018,0.08,0.139,0.275,0.077,0.043,0.043,0.708,0.041,0.049,0.04,0.152,0.01,1,6,0.000173,0.00093,4.7e-05,0.000509,0.000193,3.7e-05,98.1,8.6,89.5,1,1,53.67
Pittsburgh,Pennsylvania,PA,69697,"Pittsburgh, Pennsylvania",40.4416941,-79.9900861,1712828,1499862,0.664782,0.047262,0.046295,75559,929668,0.319269,0.680731,232700,1101,0.799,0.099,0.033,0.056,0.026,0.055,0.118,0.513,0.309,0.061,0.084,0.005,0.059,0.094,0.126,0.058,0.018,0.079,0.133,0.274,0.085,0.042,0.027,0.74,0.043,0.04,0.039,0.124,0.015,1,6,0.000349,0.001168,8.3e-05,0.000817,0.000369,6.1e-05,92.6,-1.5,94.1,1,1,36.03
Providence,Rhode Island,RI,72505,"Providence, Rhode Island",41.8239891,-71.4128343,1270529,1113285,0.728407,0.020754,0.060216,82320,692759,0.394451,0.605549,414200,1348,0.7,0.056,0.037,0.124,0.174,0.156,0.13,0.511,0.271,0.088,0.093,0.005,0.066,0.108,0.137,0.045,0.011,0.065,0.125,0.262,0.083,0.049,0.043,0.549,0.099,0.144,0.065,0.133,0.011,0,7,0.000323,0.001338,0.000111,0.000944,0.000349,4.3e-05,96.6,2.0,94.6,1,1,28.64
Charleston,South Carolina,SC,15508,"Charleston, South Carolina",32.7884363,-79.9399309,726389,595986,0.706029,0.004855,0.037792,86502,402094,0.331033,0.668967,388000,1667,0.657,0.218,0.023,0.067,0.08,0.077,0.094,0.51,0.321,0.074,0.087,0.003,0.071,0.1,0.114,0.062,0.013,0.075,0.164,0.205,0.098,0.045,0.05,0.667,0.026,0.038,0.064,0.152,0.054,7,0,0.000502,0.001514,0.000226,0.002065,0.000509,0.000124,98.9,20.3,78.6,1,1,23.07
Columbia,South Carolina,SC,18964,"Columbia, South Carolina",34.0003117,-81.0331309,605083,501408,0.745847,0.00373,0.048851,66938,321397,0.355167,0.644833,248600,1211,0.505,0.351,0.03,0.083,0.073,0.064,0.141,0.596,0.226,0.037,0.129,0.006,0.052,0.081,0.126,0.063,0.015,0.078,0.112,0.259,0.074,0.059,0.075,0.715,0.015,0.037,0.064,0.129,0.041,7,0,0.000283,0.001621,8.1e-05,0.000935,0.000339,4.6e-05,101.5,16.7,84.8,1,1,35.32
Sioux Falls,South Dakota,SD,82252,"Sioux Falls, South Dakota",43.5476008,-96.7293629,207795,180920,0.783065,0.007159,0.027232,71160,119048,0.376804,0.623196,301000,986,0.786,0.073,0.027,0.066,0.072,0.102,0.129,0.746,0.097,0.028,0.09,0.016,0.057,0.115,0.131,0.037,0.019,0.107,0.091,0.279,0.07,0.041,0.036,0.618,0.015,0.03,0.041,0.262,0.034,7,0,0.000606,0.002348,7.2e-05,0.001814,0.000645,9.6e-05,96.8,-19.2,116.0,0,0,35.99
Chattanooga,Tennessee,TN,15832,"Chattanooga, Tennessee",35.0457219,-85.3094883,410795,343914,0.74493,0.004025,0.022128,69106,217723,0.373724,0.626276,298900,1265,0.713,0.155,0.021,0.068,0.082,0.051,0.119,0.63,0.224,0.028,0.088,0.004,0.075,0.125,0.151,0.078,0.013,0.063,0.106,0.224,0.089,0.049,0.021,0.698,0.043,0.029,0.042,0.141,0.047,7,0,0.000387,0.001363,0.000127,0.001261,0.000428,8e-05,98.3,12.9,85.4,0,0,63.71
Knoxville,Tennessee,TN,45640,"Knoxville, Tennessee",35.9603948,-83.9210261,618226,532120,0.754429,0.006807,0.028736,69300,326265,0.344315,0.655685,345000,1264,0.803,0.08,0.019,0.075,0.067,0.064,0.105,0.591,0.271,0.034,0.112,0.003,0.066,0.083,0.14,0.059,0.017,0.068,0.139,0.228,0.113,0.05,0.033,0.709,0.02,0.037,0.063,0.137,0.033,7,0,0.000267,0.001129,9.4e-05,0.000797,0.000281,4.5e-05,96.0,9.0,87.0,1,0,48.04
Memphis,Tennessee,TN,56116,"Memphis, Tennessee",35.1460249,-90.0517638,1033394,890077,0.777831,0.004718,0.024877,62014,529468,0.440138,0.559862,256700,1223,0.343,0.518,0.025,0.064,0.082,0.075,0.102,0.607,0.264,0.027,0.086,0.004,0.05,0.092,0.125,0.142,0.011,0.053,0.107,0.225,0.088,0.045,0.058,0.717,0.014,0.051,0.08,0.126,0.012,7,0,0.000194,0.000697,5e-05,0.00047,0.000226,5.4e-05,99.9,13.6,86.3,1,1,97.64
Nashville,Tennessee,TN,61273,"Nashville, Tennessee",36.1622767,-86.7742984,1178679,986747,0.694509,0.011041,0.028861,84867,677600,0.409788,0.590212,470600,1649,0.62,0.183,0.038,0.109,0.124,0.137,0.095,0.508,0.332,0.065,0.094,0.003,0.066,0.08,0.116,0.057,0.032,0.068,0.151,0.238,0.104,0.051,0.033,0.65,0.032,0.026,0.048,0.227,0.017,7,0,0.000552,0.001697,0.000112,0.001273,0.000593,7.3e-05,98.5,9.0,89.5,1,1,49.6
Austin,Texas,TX,04384,"Austin, Texas",30.2711286,-97.7436995,1915031,1574570,0.617842,0.010186,0.035128,101000,1149659,0.458854,0.541146,518100,1784,0.549,0.077,0.095,0.195,0.305,0.168,0.099,0.514,0.326,0.06,0.088,0.004,0.059,0.09,0.114,0.046,0.037,0.08,0.21,0.188,0.08,0.042,0.052,0.599,0.023,0.029,0.046,0.282,0.02,7,0,0.00042,0.001462,0.000124,0.001462,0.00046,5.8e-05,105.3,24.2,81.1,1,1,41.62
Dallas,Texas,TX,22042,"Dallas, Texas",32.7762719,-96.7968559,5843632,4960520,0.699281,0.009165,0.029645,81296,3205298,0.447948,0.552052,353400,1625,0.424,0.187,0.084,0.191,0.33,0.219,0.092,0.481,0.347,0.081,0.096,0.006,0.084,0.09,0.133,0.078,0.021,0.093,0.147,0.192,0.083,0.046,0.026,0.62,0.013,0.038,0.067,0.246,0.016,7,0,0.000122,0.000462,2.5e-05,0.000359,0.000139,1.6e-05,105.5,19.1,86.4,1,1,46.06
Houston,Texas,TX,40429,"Houston, Texas",29.7589382,-95.3676974,6046392,5137101,0.711382,0.016619,0.032763,76699,3193937,0.411085,0.588915,304800,1435,0.345,0.195,0.097,0.22,0.405,0.273,0.073,0.442,0.384,0.102,0.092,0.019,0.091,0.089,0.13,0.075,0.011,0.061,0.145,0.218,0.084,0.051,0.027,0.641,0.013,0.03,0.044,0.245,0.028,7,0,0.000165,0.000628,3.5e-05,0.000463,0.000198,2.4e-05,102.1,26.0,76.1,1,1,57.34
San Antonio,Texas,TX,78580,"San Antonio, Texas",29.4246002,-98.4951405,2069843,1696728,0.689071,0.015915,0.030974,70634,1085412,0.409173,0.590827,281200,1334,0.418,0.083,0.034,0.333,0.586,0.141,0.082,0.543,0.306,0.069,0.102,0.006,0.08,0.063,0.139,0.053,0.016,0.08,0.126,0.243,0.102,0.046,0.045,0.67,0.017,0.04,0.063,0.192,0.018,7,0,0.000268,0.001256,8.1e-05,0.000725,0.000318,4.8e-05,103.8,23.5,80.3,1,1,59.58
Provo,Utah,UT,72559,"Provo, Utah",40.2337289,-111.6587085,639820,515145,0.64273,0.025923,0.041491,99745,337098,0.352873,0.647127,578300,1557,0.808,0.007,0.018,0.105,0.148,0.086,0.175,0.537,0.227,0.062,0.178,0.005,0.077,0.079,0.134,0.025,0.022,0.065,0.165,0.277,0.074,0.05,0.026,0.727,0.031,0.043,0.044,0.145,0.01,7,0,3e-05,0.000897,0.000113,0.000781,4.7e-05,3.9e-05,103.2,5.4,97.8,0,1,15.55
Salt Lake City,Utah,UT,78499,"Salt Lake City, Utah",40.7596198,-111.886797,1169033,980758,0.652425,0.019611,0.035673,94000,666568,0.346702,0.653298,553900,1649,0.698,0.017,0.043,0.113,0.206,0.136,0.093,0.626,0.245,0.036,0.1,0.006,0.073,0.101,0.137,0.058,0.017,0.081,0.14,0.225,0.085,0.044,0.033,0.686,0.023,0.037,0.041,0.194,0.019,7,0,0.000213,0.001198,0.00011,0.000941,0.000228,4.4e-05,102.3,0.9,101.4,1,1,76.11
Burlington,Vermont,VT,11755,"Burlington, Vermont",44.4761601,-73.212906,118409,95437,0.584907,0.028599,0.097582,91262,70614,0.431907,0.568093,422300,1655,0.839,0.031,0.056,0.052,0.029,0.096,0.179,0.621,0.157,0.044,0.183,0.017,0.044,0.118,0.126,0.025,0.016,0.053,0.131,0.299,0.1,0.025,0.045,0.517,0.075,0.101,0.101,0.199,0.007,1,6,0.000895,0.00304,0.000203,0.003243,0.000887,9.3e-05,94.4,-15.3,109.7,0,1,59.83
Richmond,Virginia,VA,74746,"Richmond, Virginia",37.5385087,-77.43428,1081248,908718,0.711889,0.011121,0.041037,82255,594986,0.374085,0.625915,355500,1507,0.51,0.307,0.051,0.077,0.098,0.113,0.105,0.6,0.258,0.037,0.096,0.002,0.047,0.066,0.131,0.063,0.013,0.099,0.141,0.235,0.074,0.053,0.075,0.708,0.025,0.048,0.053,0.16,0.007,1,6,0.000259,0.001202,7.2e-05,0.000804,0.000275,7e-05,99.6,9.1,90.5,1,1,37.73
Virginia Beach,Virginia,VA,90892,"Virginia Beach, Virginia",36.8496579,-75.9760751,1431821,1204716,0.736415,0.009587,0.040527,76871,780444,0.402538,0.597462,335000,1475,0.5,0.317,0.047,0.106,0.088,0.072,0.102,0.582,0.273,0.043,0.099,0.003,0.061,0.088,0.122,0.064,0.015,0.064,0.121,0.232,0.099,0.05,0.08,0.691,0.021,0.048,0.078,0.148,0.014,1,6,9.2e-05,0.000404,4.1e-05,0.000413,9.3e-05,1.3e-05,99.3,16.8,82.5,0,1,17.05
Seattle,Washington,WA,80389,"Seattle, Washington",47.6038321,-122.330062,3555253,2960643,0.593866,0.062201,0.056554,110589,2040530,0.426955,0.573045,720200,1971,0.558,0.069,0.178,0.131,0.12,0.229,0.087,0.485,0.331,0.097,0.082,0.005,0.055,0.086,0.128,0.058,0.038,0.059,0.192,0.212,0.084,0.045,0.037,0.584,0.02,0.04,0.054,0.28,0.022,0,7,0.000248,0.000816,0.00014,0.000956,0.000261,4.9e-05,94.1,21.5,72.6,1,1,65.73
Spokane,Washington,WA,83764,"Spokane, Washington",47.6571934,-117.42351,458988,386753,0.701422,0.024426,0.045786,72510,235552,0.376931,0.623069,410400,1331,0.811,0.025,0.026,0.088,0.077,0.064,0.113,0.634,0.21,0.044,0.086,0.008,0.056,0.087,0.157,0.067,0.012,0.07,0.112,0.245,0.084,0.054,0.048,0.683,0.031,0.035,0.045,0.167,0.04,0,7,0.000434,0.001331,0.000107,0.001113,0.000423,2.6e-05,99.1,-3.0,102.1,1,1,63.84
Charleston,West Virginia,WV,15481,"Charleston, West Virginia",38.3505995,-81.6332812,133045,121105,0.760975,0.011449,0.043367,55653,63008,0.327652,0.672348,144400,843,0.849,0.054,0.016,0.076,0.018,0.021,0.14,0.674,0.123,0.063,0.083,0.012,0.073,0.056,0.135,0.028,0.022,0.054,0.125,0.287,0.081,0.033,0.093,0.68,0.046,0.065,0.055,0.089,0.066,6,0,0.000383,0.002029,0.00012,0.001428,0.000458,0.000113,95.3,2.3,93.0,0,1,23.07
Madison,Wisconsin,WI,53200,"Madison, Wisconsin",43.074761,-89.3837613,460255,360680,0.626675,0.036636,0.089874,79296,276768,0.503239,0.496761,391900,1395,0.74,0.062,0.07,0.092,0.091,0.101,0.137,0.644,0.194,0.025,0.155,0.004,0.033,0.088,0.1,0.023,0.023,0.058,0.201,0.302,0.078,0.045,0.045,0.496,0.04,0.054,0.061,0.348,0.002,4,3,0.000626,0.001921,0.00068,0.002042,0.000639,5.2e-05,94.1,-13.9,108.0,0,1,27.66
Milwaukee,Wisconsin,WI,57466,"Milwaukee, Wisconsin",43.0386475,-87.9090751,1290221,1129593,0.713306,0.026809,0.036536,72261,679838,0.425934,0.574066,285000,1125,0.602,0.187,0.05,0.112,0.14,0.092,0.119,0.61,0.23,0.04,0.09,0.006,0.049,0.167,0.128,0.048,0.013,0.076,0.115,0.254,0.075,0.041,0.028,0.56,0.124,0.052,0.058,0.2,0.006,4,3,0.000519,0.001163,8.8e-05,0.000853,0.000526,6.1e-05,95.0,-7.9,102.9,1,1,51.06
Cheyenne,Wyoming,WY,16237,"Cheyenne, Wyoming",41.139981,-104.820246,81378,69092,0.794392,0.008296,0.025398,66658,43406,0.367275,0.632725,334900,1141,0.771,0.018,0.016,0.123,0.178,0.033,0.195,0.705,0.067,0.033,0.093,0.011,0.085,0.047,0.14,0.079,0.02,0.082,0.083,0.233,0.08,0.04,0.101,0.723,0.017,0.089,0.037,0.057,0.076,7,0,0.000455,0.002163,0.000197,0.001954,0.000479,0.000147,95.2,-13.0,108.2,0,1,40.57
