City,State,StateCode,CensusCode,City_State,Latitude,Longitude,Population,sameHouse1yr,transport,car_percent,transportCar,public_transport_percent,publicTransport,walked_percent,walked,medianIncome,employment,rent_percent,rent,own_percent,own,housingTenure,medianValue,medianRent,white_percent,white,black_percent,black,asian_percent,asian,two_plus_percent,twoPlusRaces,hispanic_percent,hispanic,foreign_born_percent,foreignBorn,commute_10_percent,commuteless10,commute_10_29_percent,commute10to29,commute_30_59_percent,commute30to59,commute_60_percent,commute60plus,counttraveltime,ya_percent,youngAdults,industryTotal,NR_percent,naturalReasources,construction_percent,construction,manufacturing_percent,manufacturing,sales,sales_percent,wholesale,retail,transpo_percent,transportation,info_percent,information,finance_percent,finance,sci_percent,scientific,edu_percent,education,arts_percent,arts,other_percent,other,PA_percent,publicAdmin,housingTypeTotal,percent_1_unit,units1,percent_2_unit,units2,percent_3_4_unit,units3or4,percent_5_9_unit,units5or9,percent_10_unit,units10plus,percent_other_housing,otherType,republican,democrat,bars_pp,total_bars,restaurants_pp,total_restaurants,parks_pp,total_parks,activities_pp,total_activities,nightlife_pp,total_nightlife,museums_pp,total_museums,max_avg_high,max_avg_low,mean_diff,international_airport,amtrak,crime_rate
Birmingham,Alabama,AL,07786,"Birmingham, Alabama",33.5206824,-86.8024326,778756,669858,372066,0.767944,285726,0.003628,1350,0.032494,12090,69947,390541,0.347963,110597,0.652037,207244,317841,278700,1208,0.514,400215,0.383,298319,0.022,17417,0.055,43215,0.060,46456,0.056,43670,0.080,26348,0.566,186453,0.300,98851,0.053,17586,329238,0.090,70356,376704,0.004,1656,0.059,22118,0.084,31739,50914,0.135,9531,41383,0.072,27141,0.017,6491,0.083,31233,0.108,40708,0.255,96108,0.088,33318,0.053,19937,0.041,15341,357945,0.729,260860,0.014,5055,0.028,9964,0.061,21816,0.147,52510,0.022,7740,7,0,0.000320,249,0.001216,947,0.000080,62,0.000841,655,0.000343,267,0.000048,37,98.6,13.4,85.2,1,1,59.78
Huntsville,Alabama,AL,40780,"Huntsville, Alabama",34.729847,-86.5859011,359389,301448,184752,0.757183,139891,0.000341,63,0.024471,4521,86901,194391,0.345625,51035,0.654375,96625,147660,326700,1291,0.604,216895,0.258,92897,0.029,10440,0.075,27089,0.071,25649,0.053,19226,0.108,16968,0.661,103726,0.212,33353,0.019,2943,156990,0.107,38406,187818,0.002,422,0.050,9436,0.150,28176,18837,0.100,2449,16388,0.025,4734,0.012,2248,0.041,7704,0.224,42120,0.182,34210,0.077,14514,0.052,9791,0.083,15626,158482,0.712,112918,0.013,2072,0.049,7763,0.072,11384,0.140,22217,0.013,2128,7,0,0.000345,124,0.001739,625,0.000078,28,0.001049,377,0.000373,134,0.000067,24,99.2,11.7,87.5,1,1,18
Anchorage,Alaska,AK,02305,"Anchorage, Alaska",61.2163129,-149.894852,245624,197589,131745,0.714008,94067,0.013192,1738,0.068132,8976,90793,140198,0.400325,37984,0.599675,56899,94883,373200,1473,0.531,130397,0.053,13071,0.106,26005,0.156,38395,0.105,25756,0.118,28937,0.166,19823,0.711,84951,0.094,11257,0.030,3527,119558,0.099,24265,126358,0.030,3789,0.055,6922,0.026,3341,16194,0.128,2070,14124,0.093,11776,0.024,3024,0.029,3709,0.113,14216,0.273,34501,0.087,10952,0.041,5221,0.101,12713,104647,0.553,57877,0.060,6304,0.104,10931,0.068,7122,0.171,17917,0.043,4496,6,1,0.000440,108,0.002789,685,0.000489,120,0.003074,755,0.000464,114,0.000155,38,77.7,-13.2,90.9,1,0,38.97
Phoenix,Arizona,AZ,69184,"Phoenix, Arizona",33.4484367,-112.074141,4065338,3457480,2042388,0.652450,1332557,0.013863,28313,0.037463,76515,85268,2154287,0.354088,561892,0.645912,1024981,1586873,467000,1754,0.602,2445320,0.056,228098,0.049,200435,0.184,746879,0.290,1179791,0.143,580970,0.099,161734,0.526,863670,0.317,519616,0.059,96634,1641654,0.094,382220,2071404,0.005,10010,0.078,160566,0.080,166662,274684,0.133,41814,232870,0.054,112709,0.020,41710,0.106,219637,0.141,291139,0.211,436087,0.089,185389,0.046,95447,0.037,77364,1735003,0.681,1180732,0.011,19372,0.042,72534,0.042,72193,0.175,303602,0.050,86570,3,3,0.000107,435,0.000541,2200,0.000023,93,0.000467,1900,0.000118,479,0.000020,80,115.7,33.8,81.9,1,1,37.3
Tucson,Arizona,AZ,88732,"Tucson, Arizona",32.2228765,-110.974847,879871,728456,423275,0.700604,296548,0.022234,9411,0.037437,15846,66730,451920,0.379266,144403,0.620734,236340,380743,334800,1255,0.566,497855,0.042,36757,0.031,27207,0.240,211342,0.388,340952,0.133,117112,0.110,40563,0.566,207886,0.285,104827,0.039,14309,367585,0.124,108902,423396,0.010,4069,0.067,28477,0.076,32116,54655,0.129,4670,49985,0.056,23853,0.013,5458,0.051,21667,0.129,54622,0.261,110298,0.109,46005,0.050,21095,0.050,21081,411102,0.662,272141,0.019,7607,0.036,14964,0.035,14402,0.173,71003,0.075,30985,3,3,0.000278,245,0.001591,1400,0.000084,74,0.001250,1100,0.000295,260,0.000075,66,110.7,25.6,85.1,1,1,41.56
Little Rock,Arkansas,AR,50392,"Little Rock, Arkansas",34.7465071,-92.2896267,467846,409973,220946,0.749943,165697,0.013134,2902,0.023685,5233,62478,230250,0.404275,78957,0.595725,116348,195305,216200,1063,0.549,256905,0.307,143785,0.022,10477,0.089,41796,0.092,42884,0.063,29593,0.116,22448,0.588,113992,0.261,50669,0.035,6874,193983,0.091,42507,219387,0.004,899,0.064,14099,0.068,14868,31721,0.145,3729,27992,0.057,12528,0.013,2908,0.088,19220,0.102,22442,0.268,58877,0.074,16265,0.049,10848,0.067,14712,220197,0.658,144908,0.026,5727,0.036,7903,0.055,12178,0.173,38124,0.052,11357,7,0,0.000280,131,0.001676,784,0.000085,40,0.000849,397,0.000297,139,0.000081,38,102.4,13.6,88.8,1,1,72.08
Los Angeles,California,CA,51445,"Los Angeles, California",34.0536909,-118.242766,11885717,10680530,5922936,0.673552,3989403,0.034906,206748,0.048914,289713,90410,6432320,0.538120,2259466,0.461880,1939347,4198813,861400,1968,0.308,3661819,0.062,742498,0.176,2089119,0.195,2312847,0.468,5563738,0.337,4011195,0.070,355947,0.451,2286537,0.363,1838516,0.116,588436,5069436,0.090,1074349,6070037,0.005,31029,0.063,382524,0.089,542065,755512,0.124,162859,592653,0.066,403559,0.038,233511,0.057,344639,0.141,854734,0.219,1329824,0.110,666066,0.052,318025,0.034,208549,4459188,0.542,2414881,0.025,113499,0.061,274038,0.075,333178,0.278,1240103,0.019,83489,0,7,0.000093,1100,0.000715,8500,0.000032,384,0.000639,7600,0.000118,1400,0.000034,410,101.5,39.2,62.3,1,1,35.91
Sacramento,California,CA,77068,"Sacramento, California",38.5810606,-121.493895,1962998,1730929,923168,0.666371,615172,0.010275,9486,0.041551,38359,94277,1007631,0.376253,271329,0.623747,449806,721135,576600,1809,0.475,932709,0.079,154783,0.169,332147,0.153,299603,0.228,446648,0.212,415529,0.094,70314,0.525,392832,0.307,229491,0.075,55841,748478,0.082,160150,943733,0.009,8587,0.068,64000,0.050,47477,113031,0.120,18250,94781,0.070,65880,0.015,13750,0.063,59375,0.128,121173,0.239,225663,0.084,79579,0.046,43353,0.108,101865,756826,0.729,551363,0.017,13059,0.049,37253,0.048,36420,0.133,100943,0.024,17788,0,7,0.000195,383,0.000968,1900,0.000110,216,0.001121,2200,0.000217,425,0.000053,104,107,26.9,80.1,1,1,43.63
San Diego,California,CA,78661,"San Diego, California",32.7174202,-117.162772,3057778,2636413,1574781,0.679188,1069572,0.022088,34783,0.056586,89111,103341,1681843,0.469927,521642,0.530073,588407,1110049,869500,2306,0.460,1405462,0.048,147445,0.132,402486,0.215,658787,0.352,1076919,0.238,728409,0.088,116586,0.553,731378,0.300,396615,0.059,77839,1322418,0.096,293054,1531838,0.008,12238,0.060,91627,0.101,154940,168755,0.110,24907,143848,0.046,69819,0.018,28001,0.058,88981,0.166,254278,0.234,358340,0.102,156614,0.047,72209,0.050,76036,1184964,0.585,693340,0.020,23412,0.052,61376,0.077,90950,0.236,279066,0.031,36820,0,7,0.000310,947,0.001210,3700,0.000119,363,0.001668,5100,0.000327,1000,0.000075,228,94,42.6,51.4,1,1,23.33
San Francisco,California,CA,78904,"San Francisco, California",37.7792588,-122.4193286,3364862,2922256,1767463,0.492033,869650,0.117850,208295,0.091503,161728,123342,1914929,0.495286,659210,0.504714,671758,1330968,1147200,2367,0.340,1143147,0.071,239329,0.311,1045975,0.126,423683,0.239,802560,0.350,1178420,0.064,89785,0.453,634714,0.362,506915,0.122,170642,1402056,0.077,259868,1816092,0.004,7938,0.052,95089,0.082,149344,176001,0.097,27008,148993,0.055,100397,0.043,78501,0.062,112118,0.226,410699,0.214,388034,0.080,145714,0.046,83275,0.038,68982,1446567,0.528,763582,0.049,71262,0.069,99804,0.066,95845,0.278,402351,0.009,13723,0,7,0.000357,1200,0.001545,5200,0.000205,689,0.002348,7900,0.000446,1500,0.000134,452,94,38.8,55.2,1,1,66.64
San Jose,California,CA,79039,"San Jose, California",37.3361663,-121.890591,1771563,1499746,931252,0.655533,610466,0.030388,28299,0.050181,46731,156284,1001194,0.466597,296994,0.533403,339517,636511,1509000,2800,0.292,516837,0.025,43765,0.429,760294,0.125,221873,0.229,405788,0.432,766116,0.065,50377,0.562,437735,0.307,239064,0.066,51459,778635,0.091,161852,958204,0.002,2209,0.043,41357,0.167,159755,79665,0.083,8076,71589,0.033,32020,0.068,65099,0.040,38407,0.234,223845,0.196,187732,0.071,67630,0.037,35622,0.026,24863,672941,0.599,402979,0.014,9360,0.054,36269,0.052,34890,0.256,172215,0.026,17228,0,7,0.000232,411,0.001806,3200,0.000180,318,0.001976,3500,0.000267,473,0.000072,127,99.8,30.7,69.1,1,1,31.82
Boulder,Colorado,CO,09298,"Boulder, Colorado",40.0149856,-105.270545,120121,81865,62876,0.481742,30290,0.052707,3314,0.144682,9097,77348,69375,0.519432,26490,0.480568,24508,50998,939600,1908,0.800,96143,0.016,1966,0.053,6336,0.115,13760,0.106,12715,0.102,12287,0.200,8899,0.631,28144,0.121,5391,0.048,2148,44582,0.285,34231,64736,0.013,823,0.022,1431,0.080,5201,7964,0.123,635,7329,0.022,1428,0.029,1845,0.040,2578,0.219,14151,0.262,16959,0.113,7315,0.047,3021,0.031,2020,54527,0.471,25688,0.019,1057,0.068,3705,0.087,4741,0.333,18183,0.021,1153,0,7,0.000808,97,0.003713,446,0.000666,80,0.007900,949,0.000849,102,0.000158,19,98.5,-7.5,106,0,0,37.62
Colorado Springs,Colorado,CO,18856,"Colorado Springs, Colorado",38.8339578,-104.825348,638421,507435,336758,0.690481,232525,0.003281,1105,0.040851,13757,85562,358106,0.364319,95818,0.635681,167188,263006,457600,1688,0.698,445903,0.065,41419,0.031,19636,0.135,85872,0.200,127444,0.072,46253,0.118,32898,0.599,166648,0.224,62293,0.058,16226,278065,0.099,63410,314005,0.007,2338,0.067,20908,0.055,17310,37567,0.120,3116,34451,0.044,13908,0.027,8625,0.080,24964,0.154,48317,0.236,74245,0.093,29105,0.055,17293,0.062,19425,274915,0.723,198789,0.014,3861,0.033,9164,0.049,13549,0.159,43671,0.021,5881,0,7,0.000414,264,0.001566,1000,0.000091,58,0.001501,958,0.000445,284,0.000069,44,96.7,-7.1,103.8,0,0,40.74
Denver,Colorado,CO,23527,"Denver, Colorado",39.7392364,-104.984862,2691349,2220545,1523944,0.642175,978638,0.024968,38050,0.041574,63356,100522,1602705,0.395081,444716,0.604919,680917,1125633,594700,1894,0.637,1714489,0.058,154847,0.046,124473,0.168,453326,0.255,685845,0.131,353218,0.094,112679,0.498,595302,0.345,411909,0.063,75096,1194986,0.083,222081,1541163,0.010,15901,0.075,115055,0.064,99275,183001,0.119,36341,146660,0.055,84098,0.032,49317,0.078,120142,0.178,274327,0.205,316396,0.095,146034,0.048,73634,0.042,63983,1180658,0.621,732666,0.011,13388,0.029,34323,0.052,61628,0.273,322841,0.013,15812,0,7,0.000350,942,0.001078,2900,0.000098,264,0.001189,3200,0.000365,983,0.000053,143,100.6,-11,111.6,1,1,74.14
Fort Collins,Colorado,CO,30628,"Fort Collins, Colorado",40.5871782,-105.0770113,339256,279237,179449,0.668424,119948,0.008643,1551,0.063701,11431,86848,191077,0.394940,56429,0.605060,86451,142880,543300,1693,0.820,278123,0.011,3677,0.023,7646,0.115,38963,0.134,45346,0.047,15887,0.156,22125,0.569,80888,0.199,28361,0.076,10849,142223,0.149,50530,181449,0.017,3011,0.065,11849,0.092,16686,18613,0.103,2875,15738,0.038,6875,0.019,3389,0.054,9803,0.147,26742,0.267,48381,0.113,20523,0.043,7743,0.043,7834,148591,0.688,102219,0.018,2689,0.055,8154,0.067,9981,0.147,21814,0.025,3734,0,7,0.000392,133,0.001486,504,0.000121,41,0.001727,586,0.000348,118,0.000038,13,98.2,-7.7,105.9,0,1,32.02
Hartford,Connecticut,CT,37243,"Hartford, Connecticut",41.764582,-72.6908547,969171,859217,495452,0.714610,354055,0.028709,14224,0.037245,18453,85062,531094,0.374419,149841,0.625581,250355,400196,311800,1377,0.619,599503,0.134,130001,0.065,62512,0.107,103861,0.189,182845,0.167,161973,0.120,51469,0.588,252094,0.242,103663,0.050,21233,428459,0.093,90180,506394,0.006,2819,0.049,24594,0.105,53026,58083,0.115,8419,49664,0.060,30452,0.017,8706,0.095,47951,0.120,60867,0.270,136848,0.078,39705,0.039,19684,0.047,23659,428107,0.593,253889,0.070,30180,0.095,40625,0.066,28335,0.169,72362,0.006,2716,0,7,0.000170,165,0.001032,1000,0.000080,78,0.000870,843,0.000189,183,0.000056,54,97.7,-3.4,101.1,1,1,30.36
New Haven,Connecticut,CT,62407,"New Haven, Connecticut",41.3082138,-72.9250518,565056,482609,282796,0.710961,201057,0.031631,8945,0.060478,17103,79396,302598,0.414533,96413,0.585467,136169,232582,348600,1457,0.612,345584,0.136,76680,0.044,24668,0.103,58461,0.200,113105,0.138,77926,0.155,38264,0.559,138162,0.223,55054,0.063,15689,247169,0.104,58742,289297,0.002,464,0.056,16183,0.101,29181,29856,0.103,2945,26911,0.050,14543,0.019,5364,0.056,16277,0.108,31238,0.363,104939,0.075,21739,0.040,11601,0.027,7912,251028,0.577,144928,0.107,26746,0.102,25615,0.047,11736,0.160,40232,0.007,1771,0,7,0.000333,188,0.001947,1100,0.000078,44,0.001326,749,0.000370,209,0.000048,27,92.1,6.2,85.9,0,1,37.17
Dover,Delaware,DE,24580,"Dover, Delaware",39.158168,-75.5243682,128045,107616,64098,0.757559,48558,0.015149,971,0.033823,2168,71337,67921,0.277894,13706,0.722106,35615,49321,307600,1390,0.453,57953,0.382,48934,0.022,2760,0.098,12553,0.114,14611,0.104,13283,0.116,6697,0.548,31547,0.239,13733,0.097,5591,57568,0.114,14654,62826,0.001,57,0.056,3492,0.076,4778,9032,0.144,1208,7824,0.065,4066,0.006,349,0.060,3764,0.079,4963,0.262,16436,0.101,6327,0.031,1957,0.121,7605,51595,0.757,39044,0.007,354,0.018,947,0.051,2624,0.089,4616,0.078,4010,0,7,0.000211,27,0.001991,255,0.002218,284,0.001343,172,0.000242,31,0.001539,197,96.1,8.8,87.3,0,1,55.53
Washington,District of Columbia,DC,92242,"Washington, District of Columbia",38.8950368,-77.0365427,5146120,4377744,2801563,0.533772,1495396,0.095641,267943,0.060809,170360,122458,2968953,0.401583,799310,0.598417,1191087,1990397,607500,1973,0.390,2008672,0.258,1326213,0.123,634784,0.124,638855,0.197,1012355,0.275,1417732,0.057,124470,0.413,895096,0.411,891555,0.119,257249,2168370,0.086,442639,2803441,0.001,3402,0.062,173394,0.030,83983,216479,0.077,24696,191783,0.043,120121,0.024,67283,0.064,180156,0.233,652849,0.194,542842,0.080,223821,0.064,179159,0.128,359952,2092950,0.586,1225501,0.013,26735,0.025,52495,0.060,124836,0.312,652853,0.005,10530,0,7,0.000233,1200,0.000952,4900,0.000098,505,0.000816,4200,0.000253,1300,0.000077,398,99.1,12.3,86.8,1,1,42.29
Gainesville,Florida,FL,32167,"Gainesville, Florida",29.6519684,-82.3249846,219946,164227,110809,0.710908,78775,0.030512,3381,0.085462,9470,56111,118015,0.525533,50550,0.474467,45638,96188,317300,1381,0.574,126213,0.194,42760,0.076,16692,0.115,25269,0.134,29544,0.144,31753,0.135,13209,0.636,62423,0.200,19608,0.029,2858,98098,0.252,55405,113267,0.009,984,0.028,3204,0.030,3417,13826,0.122,1523,12303,0.026,2979,0.002,281,0.052,5879,0.104,11794,0.443,50187,0.086,9746,0.042,4771,0.055,6199,102354,0.502,51348,0.017,1790,0.085,8738,0.110,11219,0.261,26743,0.025,2516,7,0,0.000532,117,0.002573,566,0.000286,63,0.002228,490,0.000587,129,0.000068,15,97.8,22.8,75,0,1,32.48
Jacksonville,Florida,FL,42346,"Jacksonville, Florida",30.3321838,-81.655651,1303156,1083342,645157,0.671075,432949,0.006121,3949,0.036312,23427,74416,680730,0.382133,202320,0.617867,327129,529449,352400,1553,0.548,713602,0.245,319848,0.052,68359,0.112,146256,0.124,162072,0.114,149047,0.087,45376,0.526,274662,0.341,178076,0.046,24140,522254,0.084,109440,635817,0.004,2483,0.068,42948,0.054,34297,93514,0.147,13279,80235,0.066,42084,0.017,10694,0.123,78308,0.144,91727,0.193,122903,0.092,58493,0.046,29291,0.046,29075,570993,0.681,389012,0.019,10857,0.054,30778,0.053,30363,0.164,93669,0.029,16314,7,0,0.000190,248,0.000998,1300,0.000090,117,0.000708,922,0.000206,269,0.000025,33,98.4,23.5,74.9,1,1,63.99
Miami,Florida,FL,56602,"Miami, Florida",25.7741728,-80.19362,6113982,5261172,3065296,0.685111,2100067,0.027114,83111,0.044924,137706,76187,3249717,0.382323,891575,0.617677,1440421,2331996,473700,1920,0.364,2225020,0.194,1185601,0.026,161447,0.322,1969717,0.467,2854032,0.429,2621431,0.067,175003,0.464,1215511,0.365,955509,0.104,271311,2617334,0.077,472573,3114676,0.005,14606,0.080,248774,0.046,144474,421510,0.135,86977,334533,0.081,250844,0.016,49485,0.087,272195,0.151,471556,0.205,638125,0.105,327852,0.056,175097,0.032,100158,2680101,0.507,1359497,0.022,59124,0.043,114871,0.054,143912,0.354,948584,0.020,54113,7,0,0.000180,1100,0.000769,4700,0.000050,303,0.000752,4600,0.000213,1300,0.000035,217,95.8,42.5,53.3,1,1,29.79
Orlando,Florida,FL,65863,"Orlando, Florida",28.5421109,-81.3790304,1913597,1617321,984838,0.676937,666673,0.011579,11403,0.034565,34041,78805,1045760,0.418000,307879,0.582000,428673,736552,403600,1811,0.473,905984,0.182,347742,0.048,92692,0.201,385474,0.294,563248,0.219,419498,0.072,57879,0.492,393720,0.370,296276,0.066,52500,800375,0.097,185447,998637,0.003,2818,0.066,65667,0.054,53663,130351,0.131,18094,112257,0.065,65371,0.017,17435,0.073,72942,0.164,164130,0.200,200120,0.157,156671,0.043,42840,0.027,26629,792893,0.618,489663,0.012,9627,0.040,31610,0.070,55373,0.229,181809,0.031,24811,7,0,0.000299,573,0.001411,2700,0.000111,212,0.001254,2400,0.000324,620,0.000037,71,97.2,31.3,65.9,1,1,48.54
Tallahassee,Florida,FL,86464,"Tallahassee, Florida",30.4380832,-84.2809332,261271,203313,136763,0.726205,99318,0.025226,3450,0.041766,5712,63612,148159,0.522670,58122,0.477330,53080,111202,309900,1284,0.536,140055,0.320,83601,0.037,9642,0.084,21875,0.084,22037,0.089,23226,0.125,14981,0.649,77534,0.188,22507,0.037,4440,119462,0.235,61445,137983,0.010,1312,0.037,5105,0.024,3266,17887,0.130,2467,15420,0.023,3178,0.012,1718,0.049,6713,0.136,18714,0.254,34987,0.119,16372,0.053,7339,0.155,21392,124976,0.522,65197,0.031,3845,0.090,11274,0.058,7215,0.260,32545,0.039,4900,7,0,0.000566,148,0.002905,759,0.000318,83,0.001979,517,0.000589,154,0.000092,24,99.8,20.2,79.6,1,0,30.54
Tampa,Florida,FL,86599,"Tampa, Florida",27.9477595,-82.458444,2906035,2463459,1431750,0.659608,944394,0.011241,16095,0.039656,56777,73971,1517492,0.341875,407055,0.658125,783600,1190655,384000,1753,0.601,1746089,0.124,360527,0.044,128052,0.170,494474,0.224,649684,0.171,496100,0.093,106512,0.463,530616,0.349,400652,0.095,108951,1146731,0.079,228664,1450415,0.007,10792,0.071,102578,0.060,87417,195882,0.135,31685,164197,0.052,75873,0.016,23416,0.104,151474,0.163,237138,0.205,297371,0.093,135255,0.053,76768,0.039,56451,1348275,0.622,838788,0.017,22546,0.040,53756,0.055,73915,0.192,258978,0.074,100292,7,0,0.000146,423,0.000723,2100,0.000062,180,0.000654,1900,0.000162,470,0.000020,58,96.2,32.8,63.4,1,1,24.3
West Palm Beach,Florida,FL,22612,"West Palm Beach, Florida",26.715364,-80.0532942,429526,371916,177278,0.711859,126197,0.007045,1249,0.036654,6498,61638,190866,0.269548,51261,0.730452,138913,190174,358200,1484,0.750,322326,0.103,44258,0.025,10881,0.090,38484,0.092,39648,0.095,40632,0.123,18207,0.555,82069,0.225,33320,0.097,14360,147956,0.079,33944,181428,0.001,231,0.071,12874,0.054,9818,29430,0.162,5513,23917,0.058,10511,0.012,2247,0.090,16265,0.134,24292,0.232,42014,0.101,18273,0.048,8727,0.037,6746,232285,0.642,149219,0.024,5464,0.028,6525,0.051,11830,0.178,41397,0.077,17850,7,0,0.000489,210,0.002561,1100,0.000265,114,0.003492,1500,0.000556,239,0.000130,56,95.4,37.7,57.7,1,1,33.13
Athens,Georgia,GA,03763,"Athens, Georgia",33.9597677,-83.376398,147368,111020,75680,0.760082,57523,0.016134,1221,0.032043,2425,58872,80817,0.550412,34163,0.449588,27905,62068,333400,1281,0.592,87273,0.251,36923,0.047,6953,0.069,10226,0.107,15762,0.081,11911,0.155,10540,0.636,43119,0.146,9890,0.063,4244,67793,0.239,35157,77551,0.009,672,0.042,3290,0.058,4521,9555,0.123,1727,7828,0.060,4632,0.007,550,0.050,3866,0.138,10718,0.304,23568,0.119,9202,0.041,3186,0.049,3791,65357,0.602,39319,0.052,3373,0.039,2519,0.070,4596,0.197,12856,0.041,2694,4,3,0.000706,104,0.002803,413,0.000143,21,0.002036,300,0.000713,105,0.000075,11,100,15,85,0,0,35.22
Atlanta,Georgia,GA,03817,"Atlanta, Georgia",33.7489924,-84.3902644,5211164,4492313,2682472,0.654892,1756729,0.017445,46795,0.037540,100699,88351,2881208,0.353113,689104,0.646887,1262409,1951513,395800,1739,0.382,1991546,0.370,1927764,0.077,403761,0.102,531197,0.136,710149,0.178,927694,0.068,145157,0.424,907916,0.388,829656,0.121,258003,2140732,0.091,475681,2749097,0.003,7947,0.066,180088,0.072,196844,362739,0.132,63819,298920,0.075,207207,0.029,78755,0.075,207353,0.174,477365,0.198,545636,0.088,241202,0.050,136160,0.039,107801,2117126,0.703,1487799,0.010,20154,0.027,57953,0.051,107604,0.195,412201,0.015,31415,4,3,0.000134,696,0.000518,2700,0.000040,209,0.000499,2600,0.000150,783,0.000026,134,97.3,15.2,82.1,1,1,47.91
Columbus,Georgia,GA,19099,"Columbus, Georgia",32.4610708,-84.9880449,257578,215299,112071,0.712022,79797,0.014116,1582,0.037217,4171,51870,120547,0.477567,50742,0.522433,55509,106251,181100,1005,0.419,107906,0.428,110253,0.019,4990,0.091,23469,0.076,19697,0.043,11000,0.145,14263,0.658,64813,0.159,15672,0.039,3824,98572,0.088,22679,103718,0.009,930,0.050,5174,0.101,10465,12453,0.120,1917,10536,0.052,5370,0.013,1334,0.109,11323,0.105,10907,0.230,23873,0.101,10444,0.039,4070,0.071,7375,119773,0.652,78061,0.027,3225,0.070,8352,0.068,8150,0.149,17811,0.035,4174,4,3,0.000311,80,0.002590,667,0.000190,49,0.001281,330,0.000427,110,0.000082,21,99.5,19.2,80.3,0,0,32.89
Savannah,Georgia,GA,79768,"Savannah, Georgia",32.0790074,-81.0921335,316446,254025,155636,0.732022,113929,0.005442,847,0.042047,6544,72008,165276,0.432339,54447,0.567661,71489,125936,317100,1506,0.481,152138,0.357,113119,0.031,9924,0.077,24492,0.078,24620,0.094,29607,0.102,14007,0.573,78418,0.284,38895,0.040,5416,136736,0.102,32277,156341,0.004,668,0.054,8514,0.092,14342,21107,0.135,2913,18194,0.091,14225,0.014,2206,0.050,7804,0.136,21199,0.206,32267,0.130,20271,0.045,7032,0.043,6706,141810,0.678,96113,0.040,5622,0.062,8764,0.068,9666,0.118,16766,0.034,4879,4,3,0.000654,207,0.002193,694,0.000193,61,0.002130,674,0.000717,227,0.000246,78,99.7,21.6,78.1,1,1,22.12
Honolulu,Hawaii,HI,39889,"Honolulu, Hawaii",21.304547,-157.855676,836233,722550,424424,0.603790,256263,0.058630,24884,0.090304,38327,100967,447916,0.422489,122090,0.577511,166888,288978,863700,1953,0.157,131655,0.023,19321,0.457,382223,0.252,210346,0.099,82420,0.210,175969,0.087,33789,0.489,190491,0.333,129723,0.092,35691,389694,0.085,71408,397391,0.005,2091,0.068,26985,0.031,12489,54211,0.136,9026,45185,0.071,28374,0.015,5923,0.065,25812,0.108,42940,0.232,92056,0.127,50504,0.052,20850,0.088,35156,320055,0.522,167184,0.018,5829,0.049,15714,0.064,20561,0.343,109851,0.003,916,0,7,0.000545,456,0.002870,2400,0.000397,332,0.003707,3100,0.000631,528,0.000151,126,91.7,58.5,33.2,1,0,35.5
Boise,Idaho,ID,08785,"Boise, Idaho",43.6166163,-116.200886,449428,372413,233091,0.684411,159530,0.005200,1212,0.043678,10181,88062,244465,0.319665,59296,0.680335,126198,185494,522100,1590,0.827,371537,0.018,8103,0.031,13847,0.086,38615,0.095,42663,0.067,30035,0.117,22396,0.690,131628,0.166,31715,0.026,4903,190642,0.096,43298,235605,0.008,1903,0.080,18937,0.108,25356,31044,0.132,5686,25358,0.039,9249,0.021,4894,0.073,17124,0.126,29788,0.224,52744,0.093,21846,0.041,9634,0.056,13086,192554,0.775,149245,0.015,2873,0.057,10921,0.029,5532,0.099,19092,0.025,4891,7,0,0.000461,207,0.001611,724,0.000158,71,0.001524,685,0.000487,219,0.000056,25,105.2,5.1,100.1,1,1,14.66
Chicago,Illinois,IL,16264,"Chicago, Illinois",41.8755616,-87.6244212,8489066,7498122,4313334,0.611531,2637739,0.091833,396105,0.054559,235330,86849,4634509,0.353194,1191845,0.646806,2182629,3374474,321100,1405,0.502,4264796,0.168,1427730,0.078,665326,0.131,1114630,0.252,2135021,0.198,1681839,0.088,319443,0.423,1534012,0.367,1331949,0.123,444717,3630121,0.087,741879,4390353,0.003,11775,0.049,214611,0.110,482924,526271,0.120,107478,418793,0.075,328996,0.018,79693,0.080,349750,0.151,662464,0.230,1010890,0.086,378000,0.046,204045,0.032,140934,3601002,0.571,2055217,0.063,228568,0.077,278776,0.078,279689,0.202,727695,0.009,31057,0,7,0.000165,1400,0.000613,5200,0.000039,332,0.000554,4700,0.000177,1500,0.000037,310,97.1,-6.5,103.6,1,1,37.15
Indianapolis,Indiana,IN,41212,"Indianapolis, Indiana",39.7683331,-86.1583502,1740984,1487031,907278,0.730688,662937,0.007645,6936,0.024883,22576,79550,951403,0.352314,247529,0.647686,455051,702580,290400,1247,0.639,1112851,0.181,314620,0.048,83276,0.085,148040,0.099,172990,0.111,192559,0.109,83483,0.523,399626,0.321,245551,0.047,35839,764499,0.088,153924,915798,0.004,3213,0.057,52592,0.114,104042,120552,0.132,23602,96950,0.067,61459,0.014,13046,0.076,69365,0.134,123142,0.243,222175,0.076,69361,0.045,40982,0.039,35869,750018,0.725,543706,0.016,11733,0.049,36571,0.067,50455,0.129,97079,0.014,10474,7,0,0.000183,319,0.000747,1300,0.000125,217,0.000862,1500,0.000209,363,0.000078,136,94.9,-4.9,99.8,1,1,43.82
South Bend,Indiana,IN,83116,"South Bend, Indiana",41.6833813,-86.2500066,275725,239642,132126,0.740066,97782,0.012072,1595,0.045986,6076,63213,140449,0.323096,34990,0.676904,73306,108296,189200,1066,0.703,193733,0.129,35487,0.028,7639,0.105,28817,0.107,29370,0.072,19820,0.152,18148,0.646,77191,0.169,20204,0.034,4033,119576,0.116,32004,133445,0.004,556,0.054,7270,0.180,23973,16165,0.121,3048,13117,0.054,7178,0.014,1910,0.051,6829,0.084,11228,0.294,39296,0.071,9517,0.047,6331,0.024,3192,120400,0.773,93084,0.015,1788,0.046,5512,0.057,6823,0.090,10864,0.019,2329,7,0,0.000450,124,0.002046,564,0.000181,50,0.001335,368,0.000482,133,0.000058,16,95.3,-7.7,103,0,1,46.15
Des Moines,Iowa,IA,23743,"Des Moines, Iowa",41.5868654,-93.6249494,560170,469809,302495,0.731635,221316,0.004641,1404,0.039297,11887,81787,317769,0.346117,80067,0.653883,151262,231329,275900,1178,0.759,425411,0.074,41645,0.055,30853,0.068,37979,0.101,56685,0.108,60397,0.150,38963,0.675,175767,0.148,38494,0.028,7161,260385,0.089,49910,306772,0.009,2667,0.071,21768,0.091,27839,41404,0.135,9289,32115,0.051,15545,0.016,4982,0.137,42146,0.112,34409,0.207,63506,0.088,27121,0.047,14542,0.035,10843,246767,0.698,172223,0.013,3311,0.019,4590,0.033,8266,0.223,54980,0.014,3397,7,0,0.000386,216,0.001267,710,0.000086,48,0.000800,448,0.000405,227,0.000030,17,97.4,-11.4,108.8,1,0,33.01
Lawrence,Kansas,KS,48232,"Lawrence, Kansas",38.9719137,-95.2359403,96380,69017,52269,0.675410,35303,0.033117,1731,0.065699,3434,62707,55561,0.563716,23463,0.436284,18159,41622,293700,1033,0.742,71519,0.057,5524,0.050,4823,0.122,11732,0.085,8159,0.070,6707,0.233,9880,0.460,19521,0.271,11497,0.036,1518,42416,0.249,23981,52400,0.005,276,0.046,2419,0.061,3171,7621,0.145,734,6887,0.029,1515,0.028,1465,0.063,3324,0.141,7398,0.304,15929,0.095,4993,0.054,2822,0.028,1467,44648,0.572,25550,0.038,1698,0.072,3209,0.065,2924,0.230,10277,0.022,990,6,1,0.000716,69,0.002646,255,0.000291,28,0.002200,212,0.000778,75,0.000104,10,101.3,-3.6,104.9,0,1,28.21
Wichita,Kansas,KS,95077,"Wichita, Kansas",37.6922361,-97.3375448,501760,422397,248069,0.804034,199456,0.006498,1612,0.026166,6491,65663,262618,0.393043,79763,0.606957,123174,202937,206800,979,0.679,340575,0.084,41996,0.042,21250,0.138,69353,0.174,87339,0.086,43027,0.145,33519,0.702,161982,0.119,27407,0.034,7829,230737,0.098,49082,249538,0.014,3391,0.064,15902,0.162,40383,33480,0.134,4842,28638,0.055,13745,0.015,3708,0.063,15664,0.102,25456,0.228,56875,0.087,21774,0.039,9635,0.038,9525,221029,0.749,165479,0.025,5496,0.049,10728,0.040,8803,0.112,24683,0.026,5840,6,1,0.000331,166,0.001690,848,0.000060,30,0.000923,463,0.000397,199,0.000054,27,104.9,1,103.9,0,1,44.33
Louisville,Kentucky,KY,51755,"Louisville, Kentucky",38.2542376,-85.759407,965005,823601,468026,0.730321,341809,0.014529,6800,0.034297,16052,65820,498186,0.350239,144224,0.649761,267563,411787,246100,1111,0.670,646903,0.175,168983,0.028,26665,0.100,96806,0.080,77222,0.086,83294,0.107,43591,0.645,263286,0.213,87065,0.035,14453,408395,0.082,79572,474752,0.002,1048,0.045,21487,0.138,65593,55575,0.117,9498,46077,0.086,41065,0.012,5585,0.080,38050,0.106,50399,0.241,114293,0.094,44500,0.049,23143,0.030,14014,447676,0.691,309134,0.022,9796,0.059,26234,0.078,34831,0.136,60821,0.015,6860,6,1,0.000389,375,0.001244,1200,0.000171,165,0.001762,1700,0.000407,393,0.000101,97,97.3,3.3,94,1,1,36.68
Lafayette,Louisiana,LA,46045,"Lafayette, Louisiana",30.2262187,-92.0178202,231548,202302,114069,0.775487,88459,0.005725,653,0.032796,3741,64528,119023,0.352551,33816,0.647449,62102,95918,242700,972,0.615,142514,0.266,61494,0.020,4609,0.086,19858,0.068,15850,0.052,12084,0.137,13995,0.620,63247,0.197,20111,0.045,4592,101945,0.080,18505,114813,0.054,6163,0.078,8921,0.053,6137,15857,0.138,2499,13358,0.042,4780,0.015,1696,0.067,7669,0.120,13737,0.254,29195,0.107,12289,0.044,5049,0.029,3320,107349,0.696,74751,0.018,1915,0.043,4659,0.043,4592,0.116,12402,0.084,9030,7,0,0.000523,121,0.003075,712,0.000108,25,0.001632,378,0.000739,171,0.000043,10,98.3,24.6,73.7,0,1,48.73
New Orleans,Louisiana,LA,62677,"New Orleans, Louisiana",29.9759983,-90.0782127,918752,811945,425965,0.719054,306292,0.020800,8860,0.060916,25948,60502,458780,0.380408,145705,0.619592,237318,383023,267200,1160,0.427,392537,0.375,344762,0.034,31204,0.108,98876,0.135,124394,0.099,91387,0.119,45115,0.545,206884,0.283,107519,0.054,20369,379887,0.079,72973,432884,0.006,2475,0.075,32559,0.056,24402,50014,0.116,10095,39919,0.070,30471,0.013,5611,0.055,23672,0.130,56079,0.255,110415,0.122,52643,0.052,22405,0.051,22138,447450,0.661,295959,0.089,39603,0.059,26344,0.042,18708,0.129,57752,0.020,9084,7,0,0.000994,913,0.002503,2300,0.000161,148,0.002503,2300,0.001197,1100,0.000211,194,97.6,27.6,70,1,1,60.98
Portland,Maine,ME,71263,"Portland, Maine",43.6573605,-70.2586618,213660,182612,123085,0.647423,79688,0.027314,3362,0.070992,8738,87804,128394,0.407750,39964,0.592250,58047,98011,474300,1596,0.837,178799,0.045,9629,0.024,5156,0.083,17759,0.031,6531,0.081,17301,0.158,15728,0.628,62361,0.182,18061,0.031,3093,99243,0.101,21540,124964,0.005,624,0.038,4745,0.081,10176,17540,0.140,2004,15536,0.033,4121,0.021,2583,0.074,9254,0.156,19497,0.294,36719,0.093,11678,0.040,5003,0.024,3024,108266,0.536,58002,0.099,10698,0.130,14060,0.062,6733,0.156,16930,0.017,1843,2,6,0.000988,211,0.002855,610,0.000384,82,0.003440,735,0.000913,195,0.000164,35,93.5,-9,102.5,1,1,18.63
Baltimore,Maryland,MD,04843,"Baltimore, Maryland",39.2908816,-76.610759,2189589,1903204,1114041,0.673032,749785,0.042874,47763,0.049037,54629,87972,1181470,0.375813,333162,0.624187,553348,886510,364400,1565,0.459,1005334,0.343,751120,0.069,151639,0.073,160170,0.090,196140,0.136,297456,0.081,75255,0.477,445726,0.347,324386,0.096,89258,934625,0.086,188283,1119731,0.002,2628,0.053,59854,0.049,55220,119063,0.106,18825,100238,0.056,63206,0.016,18467,0.056,62893,0.158,177377,0.274,306862,0.080,89324,0.048,54064,0.099,110773,954264,0.697,664682,0.020,19400,0.027,25770,0.064,61539,0.184,176008,0.007,6865,0,7,0.000250,547,0.001187,2600,0.000045,99,0.000685,1500,0.000289,633,0.000053,115,98.9,6.9,92,1,1,48.36
Boston,Massachusetts,MA,09271,"Boston, Massachusetts",42.3554334,-71.060511,4355184,3786006,2370623,0.568487,1347669,0.103354,245014,0.084649,200672,109693,2518796,0.410346,708677,0.589654,1018347,1727024,661000,2017,0.632,2750626,0.084,367447,0.097,421043,0.112,488641,0.140,608540,0.220,958660,0.089,173726,0.411,803682,0.362,707439,0.138,270750,1955597,0.100,435169,2415234,0.002,5422,0.058,140609,0.082,199134,242771,0.101,33959,208812,0.038,92162,0.022,52954,0.080,194269,0.180,435521,0.277,668087,0.079,191324,0.043,103999,0.037,88982,1827377,0.489,893744,0.108,197759,0.115,210426,0.058,106901,0.222,405663,0.007,12884,0,7,0.000230,1000,0.001010,4400,0.000097,421,0.001194,5200,0.000276,1200,0.000051,223,96.4,2.6,93.8,1,1,26.19
Ann Arbor,Michigan,MI,02602,"Ann Arbor, Michigan",42.2813722,-83.7484616,314647,240990,164981,0.615968,101623,0.046151,7614,0.074172,12237,76811,174775,0.429076,56354,0.570924,74984,131338,339200,1435,0.636,200193,0.157,49542,0.094,29420,0.098,30917,0.065,20414,0.156,49133,0.107,14539,0.606,82051,0.246,33294,0.040,5480,135364,0.189,59453,168352,0.001,236,0.022,3620,0.117,19615,18997,0.113,2416,16581,0.039,6519,0.016,2670,0.038,6386,0.118,19912,0.366,61554,0.103,17326,0.043,7181,0.026,4336,141275,0.580,81998,0.019,2742,0.046,6447,0.121,17160,0.188,26611,0.045,6317,0,7,0.000362,114,0.001904,599,0.000232,73,0.002155,678,0.000394,124,0.000079,25,94.3,-5.6,99.9,0,0,24.94
Detroit,Michigan,MI,23824,"Detroit, Michigan",42.3315509,-83.0466403,3716929,3302368,1759799,0.740674,1303437,0.009543,16793,0.028174,49580,70551,1896953,0.300249,457752,0.699751,1066821,1524573,241100,1191,0.605,2250048,0.243,901805,0.057,210715,0.071,264227,0.056,208654,0.121,449803,0.099,150482,0.526,795784,0.320,483996,0.055,83169,1513431,0.080,296625,1796910,0.003,5605,0.050,90377,0.194,349409,217403,0.121,30567,186836,0.050,90426,0.014,24505,0.067,120197,0.124,222881,0.215,386988,0.088,157573,0.043,76866,0.030,54680,1674173,0.754,1261582,0.021,34439,0.031,52725,0.053,88569,0.117,196374,0.024,40484,0,7,0.000126,469,0.000430,1600,0.000028,103,0.000260,965,0.000148,549,0.000020,73,95.4,-3.7,99.1,1,1,66.09
Grand Rapids,Michigan,MI,34300,"Grand Rapids, Michigan",42.9632425,-85.6678639,611480,522535,323999,0.743496,240892,0.019142,6202,0.034963,11328,79135,341388,0.324046,77273,0.675954,161190,238463,296800,1273,0.703,429682,0.109,66666,0.032,19820,0.115,70080,0.124,75590,0.093,56916,0.158,44690,0.661,187521,0.144,40895,0.037,10483,283589,0.097,59258,328901,0.008,2469,0.056,18531,0.175,57631,47764,0.145,11424,36340,0.043,14222,0.012,3812,0.072,23618,0.117,38459,0.232,76444,0.076,25006,0.043,14269,0.020,6676,248750,0.688,171047,0.041,10233,0.031,7689,0.059,14643,0.148,36828,0.033,8310,0,7,0.000352,215,0.001501,918,0.000144,88,0.001052,643,0.000375,229,0.000028,17,94.3,-6.3,100.6,1,1,39.99
Lansing,Michigan,MI,47719,"Lansing, Michigan",42.7338254,-84.5546295,318001,256178,160808,0.678654,109133,0.019265,3098,0.065886,10595,64473,174741,0.418599,56248,0.581401,78124,134372,202400,1067,0.674,214328,0.121,38627,0.066,20918,0.109,34636,0.091,28867,0.086,27195,0.168,23216,0.646,89204,0.125,17308,0.061,8427,138155,0.195,61897,164980,0.006,933,0.040,6604,0.099,16397,19675,0.119,2591,17084,0.053,8688,0.011,1886,0.083,13773,0.103,17069,0.281,46432,0.086,14132,0.041,6772,0.076,12619,145320,0.619,89984,0.017,2521,0.032,4675,0.064,9246,0.235,34219,0.032,4675,0,7,0.000343,109,0.001940,617,0.000075,24,0.001091,347,0.000362,115,0.000050,16,94.3,-9.4,103.7,1,1,40.17
Minneapolis,Minnesota,MN,57628,"Minneapolis, Minnesota",44.9772995,-93.2654692,2906807,2507900,1580374,0.653743,1033159,0.024909,39366,0.040276,63651,93662,1660357,0.335013,401706,0.664987,797370,1199076,369000,1448,0.673,1955578,0.118,342343,0.086,249000,0.083,240230,0.078,226980,0.128,371226,0.107,134542,0.610,768884,0.252,318012,0.031,38568,1260006,0.085,245863,1607684,0.006,10136,0.048,77646,0.133,213626,203836,0.127,40315,163521,0.046,73472,0.018,29660,0.087,139710,0.135,217130,0.248,398542,0.075,120908,0.042,68204,0.034,54814,1256062,0.655,822613,0.026,33247,0.021,26527,0.027,33670,0.259,324743,0.012,15262,1,7,0.000170,493,0.000619,1800,0.000056,162,0.000550,1600,0.000173,504,0.000026,76,96.4,-16.9,113.3,1,1,66.28
Rochester,Minnesota,MN,75637,"Rochester, Minnesota",44.0234387,-92.4630182,123252,101919,65293,0.616973,40284,0.041873,2734,0.076624,5003,85125,68466,0.342107,17521,0.657893,33694,51215,323200,1446,0.716,88227,0.098,12101,0.080,9836,0.066,8122,0.061,7510,0.134,16550,0.185,10138,0.690,37784,0.087,4784,0.037,2029,54735,0.084,10314,66341,0.002,110,0.041,2709,0.072,4744,6974,0.105,1178,5796,0.013,837,0.008,520,0.037,2430,0.061,4063,0.524,34748,0.069,4560,0.039,2574,0.031,2072,56228,0.675,37954,0.023,1280,0.052,2901,0.030,1687,0.208,11720,0.012,686,1,7,0.000503,62,0.002361,291,0.000203,25,0.001826,225,0.000535,66,0.000089,11,93,-19.6,112.6,1,1,20.91
Jackson,Mississippi,MS,42211,"Jackson, Mississippi",32.2998686,-90.1830408,331332,287171,160832,0.761901,122538,0.001791,288,0.022819,3670,56724,172415,0.377124,52214,0.622876,86239,138453,211000,1110,0.402,133349,0.516,171132,0.015,5023,0.039,12909,0.035,11464,0.025,8306,0.086,12555,0.665,96702,0.225,32665,0.024,3552,145474,0.099,32837,163207,0.007,1118,0.047,7732,0.071,11615,22772,0.140,3203,19569,0.062,10168,0.020,3300,0.062,10118,0.103,16814,0.270,44020,0.102,16574,0.059,9696,0.057,9280,158059,0.728,115030,0.020,3158,0.043,6831,0.089,14096,0.099,15673,0.021,3271,7,0,0.000272,90,0.001657,549,0.000085,28,0.000899,298,0.000365,121,0.000121,40,99.7,17.6,82.1,1,1,44.28
Kansas City,Missouri,MO,43912,"Kansas City, Missouri",39.100105,-94.5781416,1686807,1462915,884044,0.736459,651062,0.007193,6359,0.022592,19972,77266,925594,0.370738,260095,0.629262,441466,701561,284100,1254,0.668,1127125,0.142,239052,0.034,56662,0.107,180286,0.128,216514,0.088,148562,0.112,83451,0.622,462828,0.236,175929,0.030,22224,744432,0.084,140889,896582,0.005,4199,0.063,56480,0.092,82368,117429,0.131,24155,93274,0.065,58709,0.022,19739,0.094,84113,0.146,131310,0.220,197242,0.078,70371,0.042,37274,0.042,37348,752608,0.714,537580,0.020,14974,0.038,28327,0.057,43062,0.160,120226,0.011,8439,7,0,0.000238,401,0.000711,1200,0.000058,97,0.000527,889,0.000248,418,0.000053,89,101.7,-0.7,102.4,1,1,63.18
St. Louis,Missouri,MO,77770,"St. Louis, Missouri",38.6280278,-90.1910154,2127843,1865503,1100721,0.739890,814412,0.014522,15985,0.030890,34001,77884,1162473,0.315166,287842,0.684834,625460,913302,251800,1146,0.660,1405404,0.213,453554,0.037,77680,0.070,148391,0.044,93491,0.070,149417,0.108,101827,0.577,541400,0.278,260685,0.037,35115,939027,0.085,180259,1112028,0.006,7149,0.051,56929,0.101,111852,140483,0.126,24539,115944,0.053,58796,0.020,22150,0.084,93121,0.133,148032,0.258,286747,0.086,95114,0.050,55056,0.033,36599,991362,0.725,718305,0.035,34543,0.056,55803,0.048,47952,0.117,116348,0.019,18411,7,0,0.000194,413,0.000564,1200,0.000052,110,0.000415,883,0.000220,469,0.000039,84,100.7,1.2,99.5,1,1,87.1
Bozeman,Montana,MT,09514,"Bozeman, Montana",45.6794293,-111.044047,63917,46971,40667,0.676494,27511,0.011016,448,0.096319,3917,82969,42421,0.546789,15870,0.453211,13154,29024,663800,1852,0.865,55266,0.007,450,0.021,1320,0.080,5115,0.066,4218,0.048,3098,0.225,8078,0.650,23338,0.082,2945,0.043,1562,35923,0.230,14692,41217,0.022,909,0.091,3741,0.029,1203,6355,0.154,473,5882,0.040,1667,0.021,854,0.076,3125,0.132,5442,0.230,9482,0.121,4991,0.052,2161,0.031,1287,31224,0.550,17168,0.104,3247,0.094,2934,0.088,2743,0.135,4205,0.030,927,6,1,0.001236,79,0.002879,184,0.000282,18,0.004381,280,0.001252,80,0.000172,11,94.8,-18.7,113.5,0,0,22.66
Lincoln,Nebraska,NE,49933,"Lincoln, Nebraska",40.8088861,-96.7077751,293055,240059,155977,0.754105,117623,0.011495,1793,0.064721,10095,67925,164379,0.461301,58212,0.538699,67979,126191,264600,1024,0.788,231045,0.036,10511,0.042,12321,0.094,27486,0.088,25863,0.082,24041,0.181,25427,0.681,95810,0.106,14928,0.032,4557,140722,0.162,47390,159251,0.011,1725,0.052,8270,0.101,16145,18100,0.114,3042,15058,0.045,7204,0.016,2566,0.077,12262,0.110,17554,0.275,43819,0.095,15071,0.048,7586,0.056,8949,130987,0.615,80501,0.038,4968,0.033,4316,0.065,8450,0.239,31369,0.011,1383,7,1,0.000525,154,0.002290,671,0.000143,42,0.001696,497,0.000594,174,0.000096,28,101.7,-2.5,104.2,0,1,33.02
Omaha,Nebraska,NE,65269,"Omaha, Nebraska",41.2587459,-95.9383758,826161,703271,439614,0.741141,325816,0.006431,2827,0.029401,12925,80510,459343,0.370953,124485,0.629047,211097,335582,275000,1188,0.714,589721,0.086,70647,0.038,31363,0.100,82819,0.142,117103,0.093,76629,0.127,48232,0.694,264064,0.150,57057,0.029,11082,380435,0.092,75941,442146,0.009,4044,0.065,28912,0.086,38159,57867,0.131,10531,47336,0.059,26016,0.018,8029,0.105,46428,0.126,55726,0.242,106872,0.083,36606,0.041,18145,0.035,15342,351047,0.717,251558,0.010,3352,0.019,6826,0.049,17116,0.195,68465,0.011,3730,7,1,0.000374,309,0.001059,875,0.000086,71,0.000698,577,0.000398,329,0.000046,38,99.8,-10.6,110.4,1,1,40.38
Las Vegas,Nevada,NV,47995,"Las Vegas, Nevada",36.1672559,-115.148516,2256509,1893730,1103237,0.699889,772143,0.023968,26442,0.040935,45161,75019,1182861,0.429389,364099,0.570611,483847,847946,438000,1662,0.422,952093,0.123,278667,0.112,252079,0.168,379099,0.326,736375,0.224,505858,0.070,67472,0.545,528976,0.334,323477,0.052,49961,969886,0.081,182688,1112538,0.004,4414,0.076,84469,0.038,42487,140713,0.126,19403,121310,0.087,96651,0.017,19119,0.061,68340,0.131,146113,0.160,178000,0.222,247305,0.041,45500,0.035,39427,925903,0.658,609208,0.012,10849,0.067,62297,0.064,59375,0.176,162674,0.023,21500,1,6,0.000532,1200,0.001861,4200,0.000047,105,0.001462,3300,0.000620,1400,0.000084,189,113.6,8,105.6,1,1,35.41
Reno,Nevada,NV,74179,"Reno, Nevada",39.5261206,-119.8126581,454814,385052,233874,0.687926,160888,0.010660,2493,0.048099,11249,83563,246459,0.394725,72134,0.605275,110611,182745,536300,1618,0.615,279630,0.022,9992,0.064,28888,0.188,85556,0.278,126403,0.150,68071,0.105,21768,0.647,133896,0.206,42613,0.042,8733,207010,0.090,40727,236010,0.008,1925,0.079,18756,0.103,24351,31674,0.134,6136,25538,0.069,16358,0.012,2773,0.051,12057,0.132,31093,0.194,45792,0.136,32034,0.042,9895,0.039,9302,200773,0.631,126714,0.016,3251,0.053,10669,0.077,15545,0.163,32638,0.060,11956,1,6,0.000789,359,0.002419,1100,0.000317,144,0.002419,1100,0.000840,382,0.000110,50,102.6,5.6,97,1,1,32.36
Manchester,New Hampshire,NH,53740,"Manchester, New Hampshire",42.9956397,-71.4547891,162716,136113,94355,0.709777,66971,0.003815,360,0.050819,4795,88710,97915,0.441584,29776,0.558416,37654,67430,387800,1647,0.785,127770,0.041,6725,0.056,9043,0.105,17038,0.102,16591,0.124,20249,0.127,10217,0.572,46005,0.230,18504,0.071,5726,80452,0.112,18221,95156,0.001,92,0.066,6235,0.126,12019,14446,0.152,2224,12222,0.052,4910,0.018,1724,0.083,7931,0.109,10415,0.261,24826,0.074,7065,0.037,3498,0.021,1995,70912,0.484,34329,0.077,5462,0.111,7877,0.101,7155,0.217,15382,0.010,707,3,4,0.000658,107,0.002772,451,0.000104,17,0.002587,421,0.000688,112,0.000074,12,97,-4.6,101.6,0,1,28.9
Atlantic City,New Jersey,NJ,03904,"Atlantic City, New Jersey",39.3642852,-74.4229351,299290,263241,146362,0.693978,101572,0.054761,8015,0.056012,8198,77447,158434,0.305384,40606,0.694616,92361,132967,358300,1323,0.595,178175,0.123,36806,0.072,21673,0.108,32372,0.185,55331,0.158,47159,0.145,18934,0.578,75619,0.209,27359,0.068,8859,130771,0.080,23799,147398,0.005,734,0.056,8325,0.042,6240,13718,0.093,1622,12096,0.043,6396,0.011,1661,0.063,9325,0.093,13657,0.262,38553,0.230,33954,0.044,6555,0.056,8280,203770,0.696,141805,0.065,13150,0.046,9362,0.047,9525,0.122,24867,0.025,5061,0,7,0.000605,181,0.001961,587,0.000040,12,0.001183,354,0.000695,208,0.000050,15,98.1,4.4,93.7,1,1,97.09
Albuquerque,New Mexico,NM,01171,"Albuquerque, New Mexico",35.0841034,-106.650985,767499,664666,378339,0.725524,274494,0.011112,4204,0.038658,14626,69754,400902,0.341582,110185,0.658418,212388,322573,307000,1232,0.496,380463,0.033,25568,0.029,22395,0.260,199325,0.488,374419,0.099,75809,0.120,39629,0.591,195310,0.229,75797,0.060,19662,330398,0.092,70865,379938,0.010,3674,0.065,24612,0.056,21420,44450,0.117,6513,37937,0.043,16493,0.018,6803,0.057,21690,0.166,63138,0.264,100386,0.097,36904,0.051,19517,0.055,20851,341741,0.715,244189,0.014,4735,0.061,20920,0.033,11268,0.132,44942,0.046,15687,0,7,0.000280,215,0.001954,1500,0.000185,142,0.001433,1100,0.000289,222,0.000074,57,100.8,10.9,89.9,1,1,62.76
Buffalo,New York,NY,11350,"Buffalo, New York",42.8867166,-78.8783922,949547,831781,458472,0.725026,332404,0.029768,13648,0.046891,21498,66777,486312,0.369703,154195,0.630297,262883,417078,230700,1066,0.716,679991,0.137,129710,0.053,50330,0.067,63576,0.064,61000,0.078,73807,0.140,57201,0.643,262885,0.181,73932,0.036,14703,408721,0.093,88394,467345,0.003,1245,0.048,22588,0.106,49760,57380,0.123,8964,48416,0.056,26084,0.013,6178,0.082,38426,0.107,50231,0.284,132856,0.082,38393,0.047,21926,0.048,22278,450108,0.587,264191,0.178,80016,0.079,35756,0.049,22099,0.095,42587,0.012,5459,0,7,0.000315,299,0.001158,1100,0.000102,97,0.001038,986,0.000340,323,0.000064,61,91.5,-20,111.5,1,1,40.88
New York City,New York,NY,63217,"New York City, New York",40.7127281,-74.0060152,18832416,16972962,9284574,0.442813,4111326,0.273878,2542841,0.086539,803478,94043,10025644,0.500840,3625858,0.499160,3613692,7239550,613300,1763,0.444,8357858,0.162,3055017,0.125,2347156,0.126,2375525,0.261,4923991,0.310,5844561,0.073,584863,0.354,2849368,0.367,2948941,0.206,1654557,8037729,0.083,1560313,9487656,0.002,15514,0.057,540707,0.052,497532,1038228,0.109,189083,849145,0.065,616713,0.031,294192,0.091,861107,0.152,1442046,0.272,2578432,0.082,776625,0.048,451184,0.040,375376,7791582,0.403,3139255,0.101,789879,0.074,578300,0.057,441627,0.361,2814174,0.004,28347,0,7,0.000255,4800,0.000796,15000,0.000052,988,0.000802,15100,0.000281,5300,0.000048,901,97,7.7,89.3,1,1,38.22
Charlotte,North Carolina,NC,15670,"Charlotte, North Carolina",35.2272086,-80.8430827,1436613,1218584,776711,0.605555,470341,0.014604,11343,0.032792,25470,87522,816687,0.417415,238356,0.582585,332673,571029,450700,1656,0.492,706664,0.255,366463,0.059,84886,0.102,146993,0.156,224013,0.160,229478,0.086,48558,0.516,293020,0.342,193944,0.056,31933,567455,0.091,130843,788163,0.003,2227,0.070,55137,0.086,67514,96589,0.123,16614,79975,0.066,52304,0.023,17821,0.131,103051,0.164,129234,0.181,143025,0.083,65097,0.048,38191,0.023,17973,616878,0.673,415394,0.008,4871,0.021,13090,0.052,32088,0.230,141645,0.016,9790,6,2,0.000404,581,0.001323,1900,0.000104,149,0.000975,1400,0.000428,615,0.000034,49,98,12.6,85.4,1,1,41.95
Durham,North Carolina,NC,25228,"Durham, North Carolina",35.996653,-78.9018053,411362,323810,220283,0.628578,138465,0.028545,6288,0.061544,13557,81082,233454,0.473686,80960,0.526314,89955,170915,438500,1562,0.475,195303,0.273,112379,0.065,26667,0.087,35734,0.145,59712,0.154,63420,0.124,21845,0.606,106906,0.232,40932,0.038,6757,176440,0.150,61661,224988,0.002,383,0.052,11603,0.080,18035,22012,0.098,2484,19528,0.029,6464,0.017,3783,0.049,10941,0.184,41483,0.336,75498,0.074,16702,0.041,9294,0.039,8790,186415,0.629,117194,0.020,3793,0.041,7599,0.067,12572,0.231,43128,0.011,2129,6,2,0.000370,152,0.001692,696,0.000119,49,0.001493,614,0.000382,157,0.000056,23,99.6,12.1,87.5,1,1,40.78
Fayetteville,North Carolina,NC,29440,"Fayetteville, North Carolina",35.0525759,-78.878292,326821,259573,155301,0.739454,114838,0.003542,550,0.081365,12636,60179,166917,0.458267,58127,0.541733,68714,126841,215500,1232,0.395,129047,0.400,130695,0.033,10858,0.111,36322,0.138,45064,0.074,24194,0.183,26078,0.551,78743,0.218,31157,0.048,6857,142835,0.125,40772,125003,0.003,406,0.058,7297,0.091,11379,16920,0.135,1638,15282,0.075,9362,0.013,1565,0.038,4766,0.111,13920,0.255,31888,0.094,11721,0.049,6182,0.077,9597,140241,0.670,93950,0.037,5253,0.039,5475,0.069,9696,0.116,16274,0.068,9593,6,2,0.000272,89,0.001833,599,0.000046,15,0.000988,323,0.000334,109,0.000040,13,100.5,15.3,85.2,0,1,44.64
Greensboro,North Carolina,NC,35164,"Greensboro, North Carolina",36.0726355,-79.7919754,345858,281130,172065,0.728399,125332,0.012559,2161,0.031837,5478,63884,183240,0.446472,62869,0.553528,77944,140813,259600,1202,0.429,148280,0.374,129271,0.050,17124,0.091,31494,0.104,35897,0.120,41637,0.146,21573,0.614,90643,0.176,25993,0.064,9522,147731,0.132,45539,175386,0.002,373,0.045,7875,0.125,21935,26492,0.151,4564,21928,0.071,12450,0.010,1720,0.073,12768,0.103,18097,0.253,44407,0.105,18460,0.040,7049,0.021,3760,151646,0.649,98481,0.016,2499,0.035,5370,0.102,15456,0.173,26254,0.024,3586,6,2,0.000497,172,0.002380,823,0.000093,32,0.001761,609,0.000561,194,0.000055,19,97.4,11.8,85.6,1,1,46.35
Raleigh,North Carolina,NC,73261,"Raleigh, North Carolina",35.7803977,-78.6390989,1150010,972022,620365,0.630924,391403,0.007193,4462,0.032561,20200,102852,649710,0.368997,172993,0.631003,295826,468819,483100,1653,0.576,662147,0.189,217830,0.090,103023,0.091,104078,0.113,130085,0.157,181017,0.094,42577,0.551,248700,0.303,136952,0.052,23326,451555,0.086,99205,626321,0.007,4394,0.055,34327,0.094,59091,68665,0.110,12318,56347,0.038,23566,0.021,13155,0.087,54489,0.234,146389,0.196,122714,0.072,44798,0.042,26460,0.045,28273,498971,0.709,353616,0.009,4671,0.023,11317,0.045,22435,0.196,97873,0.018,9059,6,2,0.000275,316,0.000957,1100,0.000088,101,0.000870,1000,0.000299,344,0.000041,47,99.6,12.1,87.5,1,1,28.68
Fargo,North Dakota,ND,29089,"Fargo, North Dakota",46.877229,-96.789821,225066,174272,126610,0.784346,99306,0.003388,429,0.057863,7326,67510,134705,0.498386,48956,0.501614,49273,98229,281100,992,0.808,181822,0.077,17364,0.030,6696,0.070,15810,0.040,9080,0.066,14811,0.175,19937,0.719,82023,0.084,9558,0.022,2547,114065,0.164,36901,129021,0.016,2060,0.067,8700,0.088,11331,19290,0.150,5047,14243,0.039,5037,0.021,2654,0.091,11717,0.098,12588,0.280,36155,0.072,9268,0.045,5773,0.034,4448,104444,0.500,52268,0.011,1193,0.032,3368,0.041,4312,0.400,41733,0.015,1570,7,0,0.000520,117,0.002110,475,0.000071,16,0.001337,301,0.000551,124,0.000049,11,95.8,-25,120.8,0,1,46.99
Cincinnati,Ohio,OH,16885,"Cincinnati, Ohio",39.1014537,-84.5124602,1704916,1483217,869228,0.732876,637036,0.014676,12757,0.037366,32480,77455,913064,0.358502,252902,0.641498,452538,705440,274700,1122,0.721,1229833,0.142,241290,0.032,54537,0.080,137060,0.052,88618,0.068,116582,0.106,79914,0.585,439227,0.274,205607,0.034,25668,750416,0.088,149707,879503,0.004,3111,0.051,45107,0.130,114391,119926,0.136,15655,104271,0.057,50562,0.014,12364,0.077,68147,0.136,119464,0.233,204976,0.082,72057,0.046,40673,0.033,28725,743704,0.665,494284,0.039,28852,0.062,46095,0.060,44344,0.165,122406,0.010,7723,6,1,0.000346,590,0.000821,1400,0.000078,133,0.000821,1400,0.000357,608,0.000063,107,95.3,-2.7,98,1,1,46.34
Columbus,Ohio,OH,19234,"Columbus, Ohio",39.9622601,-83.0007065,1578153,1306367,827623,0.690003,571062,0.015745,13031,0.031988,26474,76669,875026,0.458878,299569,0.541122,353261,652830,327000,1305,0.606,956484,0.215,338939,0.066,104312,0.080,125815,0.069,108710,0.130,205902,0.104,70617,0.648,437935,0.215,145439,0.033,21976,675967,0.094,147840,841793,0.003,2225,0.047,39557,0.076,63688,109414,0.130,17035,92379,0.075,63532,0.019,16235,0.102,85672,0.132,111408,0.252,212084,0.082,69263,0.040,34050,0.041,34665,696913,0.636,443562,0.024,16750,0.070,49100,0.088,61112,0.170,118738,0.011,7651,6,1,0.000271,428,0.000950,1500,0.000102,161,0.000760,1200,0.000292,461,0.000045,71,95,-0.9,95.9,1,1,40.13
Oklahoma City,Oklahoma,OK,65080,"Oklahoma City, Oklahoma",35.4729886,-97.5170536,1000207,827094,488721,0.767096,374896,0.002758,1348,0.027339,13361,67408,520085,0.415042,168301,0.584958,237203,405504,237200,1177,0.572,572108,0.119,119376,0.040,40462,0.181,180711,0.195,195300,0.099,98631,0.106,46528,0.617,269746,0.243,106411,0.033,14346,437031,0.094,94195,489190,0.023,11021,0.065,31831,0.067,32839,71627,0.146,10036,61591,0.056,27533,0.014,7077,0.070,34184,0.121,59044,0.231,112991,0.085,41701,0.057,27691,0.065,31651,439355,0.739,324728,0.020,8636,0.032,14207,0.062,27243,0.128,56244,0.019,8297,7,0,0.000320,320,0.001400,1400,0.000067,67,0.000703,703,0.000378,378,0.000051,51,103.8,7.5,96.3,1,1,37.18
Tusla,Oklahoma,OK,88948,"Tusla, Oklahoma",36.391142,-95.044788,740620,626717,354745,0.756228,268268,0.004998,1773,0.033695,11953,65784,378197,0.404703,120361,0.595297,177045,297406,235100,1107,0.601,444876,0.094,69510,0.038,28421,0.164,121136,0.156,115406,0.098,72698,0.127,40105,0.675,213186,0.168,53102,0.030,9414,315807,0.093,68786,358910,0.012,4314,0.070,25232,0.107,38245,50342,0.140,8472,41870,0.066,23748,0.018,6455,0.062,22102,0.114,41047,0.228,82010,0.089,31898,0.056,20234,0.037,13283,323416,0.721,233252,0.012,3791,0.031,10126,0.056,18028,0.161,52188,0.019,6031,7,0,0.001041,771,0.000016,12,0.000262,194,0.000027,20,0.000892,661,0.000205,152,103.9,4.6,99.3,1,0,51.88
Eugene,Oregon,OR,28117,"Eugene, Oregon",44.0505054,-123.0950506,272737,219099,132978,0.652326,86745,0.022447,2985,0.089368,11884,68771,144623,0.471910,55449,0.528090,62050,117499,434700,1406,0.770,210010,0.015,4227,0.035,9419,0.119,32388,0.117,31785,0.049,13358,0.140,15979,0.723,82663,0.098,11229,0.039,4400,114271,0.142,38775,136610,0.019,2609,0.054,7415,0.091,12394,18166,0.133,2570,15596,0.030,4153,0.013,1832,0.045,6211,0.121,16563,0.300,41014,0.093,12713,0.053,7256,0.046,6284,124149,0.620,76971,0.025,3065,0.064,7957,0.065,8050,0.167,20752,0.059,7354,0,7,0.000634,173,0.002996,817,0.000268,73,0.002053,560,0.000634,173,0.000066,18,100.6,17.1,83.5,0,1,37.63
Portland,Oregon,OR,71317,"Portland, Oregon",45.5202471,-122.674194,2084045,1764478,1124971,0.607053,682917,0.034469,38777,0.060700,68286,94771,1189952,0.411284,358743,0.588716,513508,872251,559100,1691,0.679,1415058,0.037,76548,0.081,169295,0.136,283028,0.147,306669,0.135,282249,0.111,97783,0.562,494089,0.264,232292,0.062,54625,878789,0.080,166686,1143867,0.010,11235,0.061,69348,0.122,139447,160432,0.140,27713,132719,0.054,62065,0.019,21918,0.057,65458,0.148,168927,0.226,258433,0.083,95436,0.045,51134,0.035,40034,912382,0.632,576520,0.024,21863,0.046,42415,0.062,56957,0.212,193835,0.023,20792,0,7,0.000470,979,0.001535,3200,0.000118,245,0.001248,2600,0.000480,1000,0.000067,140,99.9,20.8,79.1,1,1,72.04
Philadelphia,Pennsylvania,PA,69076,"Philadelphia, Pennsylvania",39.9527237,-75.1635262,5696588,5025246,2856765,0.626996,1791181,0.069323,198039,0.058194,166248,84489,3052563,0.344629,787523,0.655371,1497613,2285136,349700,1457,0.578,3292830,0.212,1208948,0.068,385889,0.083,474400,0.113,641918,0.126,717901,0.099,234323,0.451,1071858,0.348,827153,0.102,242365,2375699,0.089,509606,2910109,0.004,10624,0.053,155568,0.087,254569,354536,0.122,57823,296713,0.058,169410,0.018,52370,0.080,234052,0.139,403837,0.275,799500,0.077,223519,0.043,125700,0.043,126424,2431800,0.708,1722120,0.041,100522,0.049,117968,0.040,96894,0.152,370547,0.010,23749,1,6,0.000173,983,0.000930,5300,0.000047,266,0.000509,2900,0.000193,1100,0.000037,210,98.1,8.6,89.5,1,1,53.67
Pittsburgh,Pennsylvania,PA,69697,"Pittsburgh, Pennsylvania",40.4416941,-79.9900861,1712828,1499862,879311,0.664782,584550,0.047262,41558,0.046295,40708,75559,929668,0.319269,242933,0.680731,517970,760903,232700,1101,0.799,1368700,0.099,170121,0.033,57037,0.056,95500,0.026,45284,0.055,93432,0.118,85558,0.513,372071,0.309,224041,0.061,44286,725956,0.084,144174,893580,0.005,4869,0.059,52516,0.094,83915,112443,0.126,16978,95465,0.058,52033,0.018,16049,0.079,70758,0.133,118998,0.274,244920,0.085,75701,0.042,37213,0.027,24165,840531,0.740,621739,0.043,36068,0.040,33260,0.039,32634,0.124,104451,0.015,12379,1,6,0.000349,597,0.001168,2000,0.000083,142,0.000817,1400,0.000369,632,0.000061,104,92.6,-1.5,94.1,1,1,36.03
Providence,Rhode Island,RI,72505,"Providence, Rhode Island",41.8239891,-71.4128343,1270529,1113285,643379,0.728407,468642,0.020754,13353,0.060216,38742,82320,692759,0.394451,203984,0.605549,313150,517134,414200,1348,0.700,889503,0.056,71717,0.037,46934,0.124,157640,0.174,220689,0.156,198190,0.130,74054,0.511,291711,0.271,154878,0.088,50536,571179,0.093,118691,656354,0.005,3159,0.066,43579,0.108,70996,89717,0.137,11878,77839,0.045,29563,0.011,7517,0.065,42798,0.125,81733,0.262,171923,0.083,54568,0.049,32302,0.043,28499,556648,0.549,305346,0.099,54863,0.144,80258,0.065,35955,0.133,73831,0.011,6395,0,7,0.000323,410,0.001338,1700,0.000111,141,0.000944,1200,0.000349,443,0.000043,54,96.6,2,94.6,1,1,28.64
Charleston,South Carolina,SC,15508,"Charleston, South Carolina",32.7884363,-79.9399309,726389,595986,380636,0.706029,268740,0.004855,1848,0.037792,14385,86502,402094,0.331033,98931,0.668967,199924,298855,388000,1667,0.657,476952,0.218,158396,0.023,16845,0.067,48468,0.080,58369,0.077,55705,0.094,30028,0.510,162540,0.321,102393,0.074,23585,318546,0.087,63438,379844,0.003,1050,0.071,27087,0.100,38113,43143,0.114,5951,37192,0.062,23500,0.013,5072,0.075,28547,0.164,62399,0.205,77885,0.098,37039,0.045,17084,0.050,18925,328349,0.667,218848,0.026,8427,0.038,12605,0.064,20974,0.152,49842,0.054,17653,7,0,0.000502,365,0.001514,1100,0.000226,164,0.002065,1500,0.000509,370,0.000124,90,98.9,20.3,78.6,1,1,23.07
Columbia,South Carolina,SC,18964,"Columbia, South Carolina",34.0003117,-81.0331309,605083,501408,298911,0.745847,222942,0.003730,1115,0.048851,14602,66938,321397,0.355167,87387,0.644833,158658,246045,248600,1211,0.505,305326,0.351,212366,0.030,17859,0.083,49970,0.073,44297,0.064,38976,0.141,37100,0.596,156403,0.226,59160,0.037,9657,262320,0.129,78296,294824,0.006,1778,0.052,15242,0.081,23907,37208,0.126,3883,33325,0.063,18553,0.015,4513,0.078,22914,0.112,32960,0.259,76501,0.074,21772,0.059,17485,0.075,21991,270920,0.715,193805,0.015,3929,0.037,9930,0.064,17345,0.129,34888,0.041,11023,7,0,0.000283,171,0.001621,981,0.000081,49,0.000935,566,0.000339,205,0.000046,28,101.5,16.7,84.8,1,1,35.32
Sioux Falls,South Dakota,SD,82252,"Sioux Falls, South Dakota",43.5476008,-96.7293629,207795,180920,114827,0.783065,89917,0.007159,822,0.027232,3127,71160,119048,0.376804,34195,0.623196,56555,90750,301000,986,0.786,163359,0.073,15146,0.027,5595,0.066,13774,0.072,15042,0.102,21241,0.129,13412,0.746,77397,0.097,10117,0.028,2856,103782,0.090,18743,116221,0.016,1862,0.057,6605,0.115,13331,15204,0.131,3116,12088,0.037,4263,0.019,2260,0.107,12490,0.091,10599,0.279,32444,0.070,8123,0.041,4804,0.036,4236,96318,0.618,59482,0.015,1481,0.030,2924,0.041,3983,0.262,25204,0.034,3244,7,0,0.000606,126,0.002348,488,0.000072,15,0.001814,377,0.000645,134,0.000096,20,96.8,-19.2,116,0,0,35.99
Chattanooga,Tennessee,TN,15832,"Chattanooga, Tennessee",35.0457219,-85.3094883,410795,343914,203991,0.744930,151959,0.004025,821,0.022128,4514,69106,217723,0.373724,63708,0.626276,106760,170468,298900,1265,0.713,293037,0.155,63678,0.021,8510,0.068,27859,0.082,33594,0.051,21035,0.119,20940,0.630,111011,0.224,39404,0.028,4932,176287,0.088,36138,207449,0.004,887,0.075,15654,0.125,25972,31326,0.151,4421,26905,0.078,16284,0.013,2750,0.063,13048,0.106,22074,0.224,46522,0.089,18529,0.049,10074,0.021,4329,185656,0.698,129562,0.043,7910,0.029,5457,0.042,7842,0.141,26189,0.047,8696,7,0,0.000387,159,0.001363,560,0.000127,52,0.001261,518,0.000428,176,0.000080,33,98.3,12.9,85.4,0,0,63.71
Knoxville,Tennessee,TN,45640,"Knoxville, Tennessee",35.9603948,-83.9210261,618226,532120,311173,0.754429,234758,0.006807,2118,0.028736,8942,69300,326265,0.344315,86483,0.655685,164691,251174,345000,1264,0.803,496395,0.080,49620,0.019,11928,0.075,46484,0.067,41352,0.064,39831,0.105,28175,0.591,159005,0.271,72951,0.034,9137,269268,0.112,68991,314537,0.003,966,0.066,20893,0.083,26031,44106,0.140,6881,37225,0.059,18698,0.017,5376,0.068,21379,0.139,43599,0.228,71812,0.113,35692,0.050,15589,0.033,10396,273549,0.709,194024,0.020,5553,0.037,10249,0.063,17152,0.137,37433,0.033,9138,7,0,0.000267,165,0.001129,698,0.000094,58,0.000797,493,0.000281,174,0.000045,28,96,9,87,1,0,48.04
Memphis,Tennessee,TN,56116,"Memphis, Tennessee",35.1460249,-90.0517638,1033394,890077,486841,0.777831,378680,0.004718,2297,0.024877,12111,62014,529468,0.440138,180499,0.559862,229597,410096,256700,1223,0.343,354441,0.518,534860,0.025,25543,0.064,66063,0.082,84379,0.075,77857,0.102,44992,0.607,266767,0.264,115829,0.027,11846,439434,0.086,88974,496407,0.004,1859,0.050,24850,0.092,45883,61857,0.125,12480,49377,0.142,70466,0.011,5344,0.053,26315,0.107,53288,0.225,111671,0.088,43820,0.045,22399,0.058,28655,458565,0.717,328902,0.014,6451,0.051,23265,0.080,36497,0.126,57976,0.012,5474,7,0,0.000194,200,0.000697,720,0.000050,52,0.000470,486,0.000226,234,0.000054,56,99.9,13.6,86.3,1,1,97.64
Nashville,Tennessee,TN,61273,"Nashville, Tennessee",36.1622767,-86.7742984,1178679,986747,648307,0.694509,450255,0.011041,7158,0.028861,18711,84867,677600,0.409788,211301,0.590212,304334,515635,470600,1649,0.620,730770,0.183,215129,0.038,44780,0.109,128023,0.124,145671,0.137,161213,0.095,49735,0.508,265968,0.332,173774,0.065,33822,523299,0.094,110399,657927,0.003,1844,0.066,43295,0.080,52880,76245,0.116,14615,61630,0.057,37758,0.032,21001,0.068,44951,0.151,99063,0.238,156584,0.104,68394,0.051,33880,0.033,22032,553910,0.650,360049,0.032,17754,0.026,14608,0.048,26576,0.227,125702,0.017,9221,7,0,0.000552,651,0.001697,2000,0.000112,132,0.001273,1500,0.000593,699,0.000073,86,98.5,9,89.5,1,1,49.6
Austin,Texas,TX,04384,"Austin, Texas",30.2711286,-97.7436995,1915031,1574570,1089194,0.617842,672950,0.010186,11095,0.035128,38261,101000,1149659,0.458854,380928,0.541146,449245,830173,518100,1784,0.549,1051691,0.077,147393,0.095,182134,0.195,373075,0.305,583156,0.168,322254,0.099,79489,0.514,411673,0.326,261376,0.060,48389,800927,0.088,169319,1105016,0.004,4224,0.059,65179,0.090,99258,126011,0.114,16622,109389,0.046,50521,0.037,40760,0.080,87854,0.210,231623,0.188,207345,0.080,88609,0.042,46095,0.052,57537,874356,0.599,523939,0.023,20534,0.029,24967,0.046,40444,0.282,246954,0.020,17518,7,0,0.000420,805,0.001462,2800,0.000124,238,0.001462,2800,0.000460,881,0.000058,112,105.3,24.2,81.1,1,1,41.62
Dallas,Texas,TX,22042,"Dallas, Texas",32.7762719,-96.7968559,5843632,4960520,3022839,0.699281,2113814,0.009165,27705,0.029645,89612,81296,3205298,0.447948,981964,0.552052,1210176,2192140,353400,1625,0.424,2479361,0.187,1092390,0.084,491947,0.191,1115103,0.330,1926811,0.219,1279376,0.092,233840,0.481,1228149,0.347,887189,0.081,205940,2555118,0.096,561031,3071420,0.006,19409,0.084,258936,0.090,276484,408919,0.133,71806,337113,0.078,239214,0.021,64624,0.093,285745,0.147,451886,0.192,590572,0.083,254949,0.046,142279,0.026,78403,2358532,0.620,1462195,0.013,30273,0.038,89412,0.067,158397,0.246,579937,0.016,38318,7,0,0.000122,713,0.000462,2700,0.000025,144,0.000359,2100,0.000139,815,0.000016,93,105.5,19.1,86.4,1,1,46.06
Houston,Texas,TX,40429,"Houston, Texas",29.7589382,-95.3676974,6046392,5137101,2963559,0.711382,2108223,0.016619,49251,0.032763,97095,76699,3193937,0.411085,905679,0.588915,1297466,2203145,304800,1435,0.345,2083206,0.195,1177341,0.097,589488,0.220,1329076,0.405,2448336,0.273,1652442,0.073,187672,0.442,1143016,0.384,994165,0.102,263553,2588406,0.092,556452,3013888,0.019,57803,0.091,273067,0.089,267891,390660,0.130,80771,309889,0.075,225616,0.011,32712,0.061,184544,0.145,437709,0.218,657221,0.084,252987,0.051,153259,0.027,80419,2385746,0.641,1528113,0.013,31922,0.030,71294,0.044,104946,0.245,583462,0.028,66009,7,0,0.000165,1000,0.000628,3800,0.000035,210,0.000463,2800,0.000198,1200,0.000024,146,102.1,26,76.1,1,1,57.34
San Antonio,Texas,TX,78580,"San Antonio, Texas",29.4246002,-98.4951405,2069843,1696728,1018728,0.689071,701976,0.015915,16213,0.030974,31554,70634,1085412,0.409173,309546,0.590827,446971,756517,281200,1334,0.418,865523,0.083,172680,0.034,70986,0.333,688929,0.586,1213573,0.141,292115,0.082,71312,0.543,472348,0.306,266424,0.069,60029,870113,0.102,210256,1003799,0.006,6066,0.080,80315,0.063,63348,139258,0.139,18060,121198,0.053,53703,0.016,16431,0.080,80767,0.126,126278,0.243,243422,0.102,102692,0.046,45937,0.045,45582,832212,0.670,557934,0.017,13904,0.040,33503,0.063,52121,0.192,159830,0.018,14920,7,0,0.000268,555,0.001256,2600,0.000081,168,0.000725,1500,0.000318,659,0.000048,99,103.8,23.5,80.3,1,1,59.58
Provo,Utah,UT,72559,"Provo, Utah",40.2337289,-111.6587085,639820,515145,317012,0.642730,203753,0.025923,8218,0.041491,13153,99745,337098,0.352873,67747,0.647127,124240,191987,578300,1557,0.808,517223,0.007,4574,0.018,11225,0.105,66909,0.148,94626,0.086,54714,0.175,46280,0.537,141862,0.227,59977,0.062,16267,264386,0.178,114060,323302,0.005,1706,0.077,25055,0.079,25554,43360,0.134,7619,35741,0.025,8213,0.022,7154,0.065,21036,0.165,53368,0.277,89540,0.074,23788,0.050,16244,0.026,8284,197331,0.727,143376,0.031,6066,0.043,8580,0.044,8682,0.145,28640,0.010,1987,7,0,0.000030,19,0.000897,574,0.000113,72,0.000781,500,0.000047,30,0.000039,25,103.2,5.4,97.8,0,1,15.55
Salt Lake City,Utah,UT,78499,"Salt Lake City, Utah",40.7596198,-111.886797,1169033,980758,633530,0.652425,413331,0.019611,12424,0.035673,22600,94000,666568,0.346702,149787,0.653298,282247,432034,553900,1649,0.698,815922,0.017,19552,0.043,50373,0.113,132286,0.206,240591,0.136,159307,0.093,48276,0.626,323254,0.245,126666,0.036,18477,516673,0.100,117306,642234,0.006,3912,0.073,46893,0.101,64920,87684,0.137,12641,75043,0.058,37377,0.017,10671,0.081,51980,0.140,90140,0.225,144823,0.085,54493,0.044,27987,0.033,21354,453814,0.686,311187,0.023,10248,0.037,16905,0.041,18715,0.194,87990,0.019,8769,7,0,0.000213,249,0.001198,1400,0.000110,129,0.000941,1100,0.000228,267,0.000044,51,102.3,0.9,101.4,1,1,76.11
Burlington,Vermont,VT,11755,"Burlington, Vermont",44.4761601,-73.212906,118409,95437,66785,0.584907,39063,0.028599,1910,0.097582,6517,91262,70614,0.431907,22546,0.568093,29655,52201,422300,1655,0.839,99317,0.031,3673,0.056,6641,0.052,6101,0.029,3382,0.096,11322,0.179,9598,0.621,33365,0.157,8435,0.044,2351,53749,0.183,21717,68461,0.017,1192,0.044,3045,0.118,8066,8657,0.126,915,7742,0.025,1709,0.016,1123,0.053,3604,0.131,8949,0.299,20463,0.100,6855,0.025,1687,0.045,3111,54241,0.517,28037,0.075,4053,0.101,5474,0.101,5473,0.199,10815,0.007,389,1,6,0.000895,106,0.003040,360,0.000203,24,0.003243,384,0.000887,105,0.000093,11,94.4,-15.3,109.7,0,1,59.83
Richmond,Virginia,VA,74746,"Richmond, Virginia",37.5385087,-77.43428,1081248,908718,563689,0.711889,401284,0.011121,6269,0.041037,23132,82255,594986,0.374085,162363,0.625915,271664,434027,355500,1507,0.510,551741,0.307,331869,0.051,55477,0.077,83087,0.098,106082,0.113,122477,0.105,49182,0.600,281610,0.258,120992,0.037,17578,469362,0.096,104209,560057,0.002,1114,0.047,26118,0.066,37172,73561,0.131,9994,63567,0.063,35291,0.013,7476,0.099,55531,0.141,79016,0.235,131874,0.074,41610,0.053,29484,0.075,41810,467823,0.708,331012,0.025,11482,0.048,22389,0.053,24736,0.160,75079,0.007,3125,1,6,0.000259,280,0.001202,1300,0.000072,78,0.000804,869,0.000275,297,0.000070,76,99.6,9.1,90.5,1,1,37.73
Virginia Beach,Virginia,VA,90892,"Virginia Beach, Virginia",36.8496579,-75.9760751,1431821,1204716,734506,0.736415,540901,0.009587,7042,0.040527,29767,76871,780444,0.402538,231575,0.597462,343712,575287,335000,1475,0.500,715433,0.317,453189,0.047,66758,0.106,151791,0.088,126181,0.072,103765,0.102,66190,0.582,378052,0.273,177362,0.043,28016,649620,0.099,141073,676490,0.003,2105,0.061,41131,0.088,59216,82528,0.122,10736,71792,0.064,43230,0.015,10288,0.064,43537,0.121,81891,0.232,157061,0.099,66930,0.050,34139,0.080,54434,617921,0.691,426744,0.021,13269,0.048,29832,0.078,48397,0.148,91309,0.014,8370,1,6,0.000092,132,0.000404,578,0.000041,58,0.000413,591,0.000093,133,0.000013,19,99.3,16.8,82.5,0,1,17.05
Seattle,Washington,WA,80389,"Seattle, Washington",47.6038321,-122.330062,3555253,2960643,1909148,0.593866,1133779,0.062201,118751,0.056554,107970,110589,2040530,0.426955,618770,0.573045,830494,1449264,720200,1971,0.558,1982502,0.069,243857,0.178,631294,0.131,466428,0.120,425522,0.229,813725,0.087,131845,0.485,735453,0.331,501150,0.097,147192,1515640,0.082,290940,1921381,0.005,10179,0.055,106126,0.086,165412,245795,0.128,38351,207444,0.058,112122,0.038,72665,0.059,114038,0.192,369536,0.212,407949,0.084,161353,0.045,85529,0.037,70677,1545390,0.584,902944,0.020,30410,0.040,61536,0.054,83678,0.280,433053,0.022,33769,0,7,0.000248,883,0.000816,2900,0.000140,498,0.000956,3400,0.000261,928,0.000049,175,94.1,21.5,72.6,1,1,65.73
Spokane,Washington,WA,83764,"Spokane, Washington",47.6571934,-117.42351,458988,386753,220830,0.701422,154895,0.024426,5394,0.045786,10111,72510,235552,0.376931,70137,0.623069,115937,186074,410400,1331,0.811,372136,0.025,11341,0.026,12141,0.088,40180,0.077,35360,0.064,29352,0.113,21288,0.634,119410,0.210,39488,0.044,8274,188460,0.086,39272,223344,0.008,1758,0.056,12569,0.087,19358,34985,0.157,5912,29073,0.067,14974,0.012,2682,0.070,15722,0.112,25033,0.245,54666,0.084,18748,0.054,12070,0.048,10779,198423,0.683,135547,0.031,6104,0.035,6860,0.045,8892,0.167,33093,0.040,7927,0,7,0.000434,199,0.001331,611,0.000107,49,0.001113,511,0.000423,194,0.000026,12,99.1,-3,102.1,1,1,63.84
Charleston,West Virginia,WV,15481,"Charleston, West Virginia",38.3505995,-81.6332812,133045,121105,57994,0.760975,44132,0.011449,664,0.043367,2515,55653,63008,0.327652,19722,0.672348,40470,60192,144400,843,0.849,112902,0.054,7192,0.016,2139,0.076,10112,0.018,2332,0.021,2730,0.140,7257,0.674,34833,0.123,6377,0.063,3250,51717,0.083,10994,59188,0.012,709,0.073,4341,0.056,3330,7980,0.135,776,7204,0.028,1677,0.022,1303,0.054,3224,0.125,7384,0.287,16983,0.081,4766,0.033,1980,0.093,5511,69300,0.680,47123,0.046,3168,0.065,4485,0.055,3827,0.089,6142,0.066,4555,6,0,0.000383,51,0.002029,270,0.000120,16,0.001428,190,0.000458,61,0.000113,15,95.3,2.3,93,0,1,23.07
Madison,Wisconsin,WI,53200,"Madison, Wisconsin",43.074761,-89.3837613,460255,360680,266374,0.626675,166930,0.036636,9759,0.089874,23940,79296,276768,0.503239,106663,0.496761,105290,211953,391900,1395,0.740,340504,0.062,28599,0.070,32171,0.092,42268,0.091,42107,0.101,46502,0.137,29698,0.644,140139,0.194,42079,0.025,5526,217442,0.155,71393,270055,0.004,1174,0.033,8883,0.088,23737,27021,0.100,3363,23658,0.023,6239,0.023,6159,0.058,15597,0.201,54412,0.302,81538,0.078,20951,0.045,12119,0.045,12225,217773,0.496,107913,0.040,8619,0.054,11686,0.061,13383,0.348,75828,0.002,344,4,3,0.000626,288,0.001921,884,0.000680,313,0.002042,940,0.000639,294,0.000052,24,94.1,-13.9,108,0,1,27.66
Milwaukee,Wisconsin,WI,57466,"Milwaukee, Wisconsin",43.0386475,-87.9090751,1290221,1129593,648183,0.713306,462353,0.026809,17377,0.036536,23682,72261,679838,0.425934,230529,0.574066,310703,541232,285000,1125,0.602,776136,0.187,241209,0.050,64674,0.112,145026,0.140,180944,0.092,118675,0.119,66110,0.610,338003,0.230,127520,0.040,22106,553739,0.090,115732,656051,0.006,4012,0.049,32061,0.167,109824,84009,0.128,13922,70087,0.048,31260,0.013,8703,0.076,49560,0.115,75450,0.254,166346,0.075,49460,0.041,27171,0.028,18195,583637,0.560,327117,0.124,72082,0.052,30155,0.058,34083,0.200,116737,0.006,3463,4,3,0.000519,669,0.001163,1500,0.000088,113,0.000853,1100,0.000526,679,0.000061,79,95,-7.9,102.9,1,1,51.06
Cheyenne,Wyoming,WY,16237,"Cheyenne, Wyoming",41.139981,-104.820246,81378,69092,41224,0.794392,32748,0.008296,342,0.025398,1047,66658,43406,0.367275,13533,0.632725,23314,36847,334900,1141,0.771,62738,0.018,1479,0.016,1323,0.123,10025,0.178,14522,0.033,2693,0.195,7334,0.705,26548,0.067,2521,0.033,1243,37646,0.093,7556,38395,0.011,437,0.085,3252,0.047,1809,5369,0.140,202,5167,0.079,3032,0.020,753,0.082,3131,0.083,3202,0.233,8943,0.080,3077,0.040,1517,0.101,3873,38446,0.723,27807,0.017,645,0.089,3438,0.037,1415,0.057,2204,0.076,2937,7,0,0.000455,37,0.002163,176,0.000197,16,0.001954,159,0.000479,39,0.000147,12,95.2,-13,108.2,0,1,40.57